codigo_ibge7,nome,microrregiao,mesorregiao
3500105,Adamantina,Adamantina,Presidente Prudente
3500204,Adolfo,São José do Rio Preto,São José do Rio Preto
3500303,Aguaí,Pirassununga,Campinas
3500402,Águas da Prata,São João da Boa Vista,Campinas
3500501,Águas de Lindóia,Amparo,Campinas
3500550,Águas de Santa Bárbara,Avaré,Bauru
3500600,Águas de São Pedro,Piracicaba,Piracicaba
3500709,Agudos,Bauru,Bauru
3500758,Alambari,Itapetininga,Itapetininga
3500808,Alfredo Marcondes,Presidente Prudente,Presidente Prudente
3500907,Altair,São José do Rio Preto,São José do Rio Preto
3501004,Altinópolis,Batatais,Ribeirão Preto
3501103,Alto Alegre,Birigui,Araçatuba
3501152,Alumínio,Sorocaba,Macro Metropolitana Paulista
3501202,Álvares Florence,Votuporanga,São José do Rio Preto
3501301,Álvares Machado,Presidente Prudente,Presidente Prudente
3501400,Álvaro de Carvalho,Marília,Marília
3501509,Alvinlândia,Marília,Marília
3501608,Americana,Campinas,Campinas
3501707,Américo Brasiliense,Araraquara,Araraquara
3501806,Américo de Campos,Votuporanga,São José do Rio Preto
3501905,Amparo,Amparo,Campinas
3502002,Analândia,São Carlos,Araraquara
3502101,Andradina,Andradina,Araçatuba
3502200,Angatuba,Itapetininga,Itapetininga
3502309,Anhembi,Botucatu,Bauru
3502408,Anhumas,Presidente Prudente,Presidente Prudente
3502507,Aparecida,Guaratinguetá,Vale do Paraíba Paulista
3502606,Aparecida d'Oeste,Jales,São José do Rio Preto
3502705,Apiaí,Capão Bonito,Itapetininga
3502754,Araçariguama,Sorocaba,Macro Metropolitana Paulista
3502804,Araçatuba,Araçatuba,Araçatuba
3502903,Araçoiaba da Serra,Sorocaba,Macro Metropolitana Paulista
3503000,Aramina,Ituverava,Ribeirão Preto
3503109,Arandu,Avaré,Bauru
3503158,Arapeí,Bananal,Vale do Paraíba Paulista
3503208,Araraquara,Araraquara,Araraquara
3503307,Araras,Limeira,Piracicaba
3503356,Arco-Íris,Tupã,Marília
3503406,Arealva,Bauru,Bauru
3503505,Areias,Bananal,Vale do Paraíba Paulista
3503604,Areiópolis,Bauru,Bauru
3503703,Ariranha,Catanduva,São José do Rio Preto
3503802,Artur Nogueira,Mogi Mirim,Campinas
3503901,Arujá,Guarulhos,Metropolitana de São Paulo
3503950,Aspásia,Jales,São José do Rio Preto
3504008,Assis,Assis,Assis
3504107,Atibaia,Bragança Paulista,Macro Metropolitana Paulista
3504206,Auriflama,Auriflama,São José do Rio Preto
3504305,Avaí,Bauru,Bauru
3504404,Avanhandava,Birigui,Araçatuba
3504503,Avaré,Avaré,Bauru
3504602,Bady Bassitt,São José do Rio Preto,São José do Rio Preto
3504701,Balbinos,Bauru,Bauru
3504800,Bálsamo,São José do Rio Preto,São José do Rio Preto
3504909,Bananal,Bananal,Vale do Paraíba Paulista
3505005,Barão de Antonina,Itapeva,Itapetininga
3505104,Barbosa,Birigui,Araçatuba
3505203,Bariri,Jaú,Bauru
3505302,Barra Bonita,Jaú,Bauru
3505351,Barra do Chapéu,Capão Bonito,Itapetininga
3505401,Barra do Turvo,Registro,Litoral Sul Paulista
3505500,Barretos,Barretos,Ribeirão Preto
3505609,Barrinha,Ribeirão Preto,Ribeirão Preto
3505708,Barueri,Osasco,Metropolitana de São Paulo
3505807,Bastos,Tupã,Marília
3505906,Batatais,Batatais,Ribeirão Preto
3506003,Bauru,Bauru,Bauru
3506102,Bebedouro,Jaboticabal,Ribeirão Preto
3506201,Bento de Abreu,Araçatuba,Araçatuba
3506300,Bernardino de Campos,Ourinhos,Assis
3506359,Bertioga,Santos,Metropolitana de São Paulo
3506409,Bilac,Birigui,Araçatuba
3506508,Birigui,Birigui,Araçatuba
3506607,Biritiba Mirim,Mogi das Cruzes,Metropolitana de São Paulo
3506706,Boa Esperança do Sul,Araraquara,Araraquara
3506805,Bocaina,Jaú,Bauru
3506904,Bofete,Botucatu,Bauru
3507001,Boituva,Tatuí,Itapetininga
3507100,Bom Jesus dos Perdões,Bragança Paulista,Macro Metropolitana Paulista
3507159,Bom Sucesso de Itararé,Itapeva,Itapetininga
3507209,Borá,Assis,Assis
3507308,Boracéia,Jaú,Bauru
3507407,Borborema,Araraquara,Araraquara
3507456,Borebi,Bauru,Bauru
3507506,Botucatu,Botucatu,Bauru
3507605,Bragança Paulista,Bragança Paulista,Macro Metropolitana Paulista
3507704,Braúna,Birigui,Araçatuba
3507753,Brejo Alegre,Birigui,Araçatuba
3507803,Brodowski,Ribeirão Preto,Ribeirão Preto
3507902,Brotas,Rio Claro,Piracicaba
3508009,Buri,Itapeva,Itapetininga
3508108,Buritama,Birigui,Araçatuba
3508207,Buritizal,Ituverava,Ribeirão Preto
3508306,Cabrália Paulista,Bauru,Bauru
3508405,Cabreúva,Sorocaba,Macro Metropolitana Paulista
3508504,Caçapava,São José dos Campos,Vale do Paraíba Paulista
3508603,Cachoeira Paulista,Guaratinguetá,Vale do Paraíba Paulista
3508702,Caconde,São João da Boa Vista,Campinas
3508801,Cafelândia,Lins,Bauru
3508900,Caiabu,Presidente Prudente,Presidente Prudente
3509007,Caieiras,Franco da Rocha,Metropolitana de São Paulo
3509106,Caiuá,Presidente Prudente,Presidente Prudente
3509205,Cajamar,Osasco,Metropolitana de São Paulo
3509254,Cajati,Registro,Litoral Sul Paulista
3509304,Cajobi,Catanduva,São José do Rio Preto
3509403,Cajuru,Batatais,Ribeirão Preto
3509452,Campina do Monte Alegre,Itapetininga,Itapetininga
3509502,Campinas,Campinas,Campinas
3509601,Campo Limpo Paulista,Jundiaí,Macro Metropolitana Paulista
3509700,Campos do Jordão,Campos do Jordão,Vale do Paraíba Paulista
3509809,Campos Novos Paulista,Assis,Assis
3509908,Cananéia,Registro,Litoral Sul Paulista
3509957,Canas,Guaratinguetá,Vale do Paraíba Paulista
3510005,Cândido Mota,Assis,Assis
3510104,Cândido Rodrigues,Jaboticabal,Ribeirão Preto
3510153,Canitar,Ourinhos,Assis
3510203,Capão Bonito,Capão Bonito,Itapetininga
3510302,Capela do Alto,Sorocaba,Macro Metropolitana Paulista
3510401,Capivari,Piracicaba,Piracicaba
3510500,Caraguatatuba,Caraguatatuba,Vale do Paraíba Paulista
3510609,Carapicuíba,Osasco,Metropolitana de São Paulo
3510708,Cardoso,Votuporanga,São José do Rio Preto
3510807,Casa Branca,São João da Boa Vista,Campinas
3510906,Cássia dos Coqueiros,Batatais,Ribeirão Preto
3511003,Castilho,Andradina,Araçatuba
3511102,Catanduva,Catanduva,São José do Rio Preto
3511201,Catiguá,Catanduva,São José do Rio Preto
3511300,Cedral,São José do Rio Preto,São José do Rio Preto
3511409,Cerqueira César,Avaré,Bauru
3511508,Cerquilho,Tatuí,Itapetininga
3511607,Cesário Lange,Tatuí,Itapetininga
3511706,Charqueada,Piracicaba,Piracicaba
3511904,Clementina,Birigui,Araçatuba
3512001,Colina,Barretos,Ribeirão Preto
3512100,Colômbia,Barretos,Ribeirão Preto
3512209,Conchal,Limeira,Piracicaba
3512308,Conchas,Botucatu,Bauru
3512407,Cordeirópolis,Limeira,Piracicaba
3512506,Coroados,Birigui,Araçatuba
3512605,Coronel Macedo,Itapeva,Itapetininga
3512704,Corumbataí,Rio Claro,Piracicaba
3512803,Cosmópolis,Campinas,Campinas
3512902,Cosmorama,Votuporanga,São José do Rio Preto
3513009,Cotia,Itapecerica da Serra,Metropolitana de São Paulo
3513108,Cravinhos,Ribeirão Preto,Ribeirão Preto
3513207,Cristais Paulista,Franca,Ribeirão Preto
3513306,Cruzália,Assis,Assis
3513405,Cruzeiro,Guaratinguetá,Vale do Paraíba Paulista
3513504,Cubatão,Santos,Metropolitana de São Paulo
3513603,Cunha,Paraibuna/Paraitinga,Vale do Paraíba Paulista
3513702,Descalvado,São Carlos,Araraquara
3513801,Diadema,São Paulo,Metropolitana de São Paulo
3513850,Dirce Reis,Jales,São José do Rio Preto
3513900,Divinolândia,São João da Boa Vista,Campinas
3514007,Dobrada,Araraquara,Araraquara
3514106,Dois Córregos,Jaú,Bauru
3514205,Dolcinópolis,Jales,São José do Rio Preto
3514304,Dourado,São Carlos,Araraquara
3514403,Dracena,Dracena,Presidente Prudente
3514502,Duartina,Bauru,Bauru
3514601,Dumont,Ribeirão Preto,Ribeirão Preto
3514700,Echaporã,Marília,Marília
3514809,Eldorado,Registro,Litoral Sul Paulista
3514908,Elias Fausto,Campinas,Campinas
3514924,Elisiário,Catanduva,São José do Rio Preto
3514957,Embaúba,Catanduva,São José do Rio Preto
3515004,Embu das Artes,Itapecerica da Serra,Metropolitana de São Paulo
3515103,Embu-Guaçu,Itapecerica da Serra,Metropolitana de São Paulo
3515129,Emilianópolis,Presidente Prudente,Presidente Prudente
3515152,Engenheiro Coelho,Mogi Mirim,Campinas
3515186,Espírito Santo do Pinhal,São João da Boa Vista,Campinas
3515194,Espírito Santo do Turvo,Ourinhos,Assis
3515202,Estrela d'Oeste,Fernandópolis,São José do Rio Preto
3515301,Estrela do Norte,Presidente Prudente,Presidente Prudente
3515350,Euclides da Cunha Paulista,Presidente Prudente,Presidente Prudente
3515400,Fartura,Ourinhos,Assis
3515509,Fernandópolis,Fernandópolis,São José do Rio Preto
3515608,Fernando Prestes,Jaboticabal,Ribeirão Preto
3515657,Fernão,Marília,Marília
3515707,Ferraz de Vasconcelos,Mogi das Cruzes,Metropolitana de São Paulo
3515806,Flora Rica,Adamantina,Presidente Prudente
3515905,Floreal,Auriflama,São José do Rio Preto
3516002,Flórida Paulista,Adamantina,Presidente Prudente
3516101,Florínea,Assis,Assis
3516200,Franca,Franca,Ribeirão Preto
3516309,Francisco Morato,Franco da Rocha,Metropolitana de São Paulo
3516408,Franco da Rocha,Franco da Rocha,Metropolitana de São Paulo
3516507,Gabriel Monteiro,Birigui,Araçatuba
3516606,Gália,Marília,Marília
3516705,Garça,Marília,Marília
3516804,Gastão Vidigal,Auriflama,São José do Rio Preto
3516853,Gavião Peixoto,Araraquara,Araraquara
3516903,General Salgado,Auriflama,São José do Rio Preto
3517000,Getulina,Lins,Bauru
3517109,Glicério,Birigui,Araçatuba
3517208,Guaiçara,Lins,Bauru
3517307,Guaimbê,Lins,Bauru
3517406,Guaíra,São Joaquim da Barra,Ribeirão Preto
3517505,Guapiaçu,São José do Rio Preto,São José do Rio Preto
3517604,Guapiara,Capão Bonito,Itapetininga
3517703,Guará,Ituverava,Ribeirão Preto
3517802,Guaraçaí,Andradina,Araçatuba
3517901,Guaraci,São José do Rio Preto,São José do Rio Preto
3518008,Guarani d'Oeste,Fernandópolis,São José do Rio Preto
3518107,Guarantã,Bauru,Bauru
3518206,Guararapes,Araçatuba,Araçatuba
3518305,Guararema,Mogi das Cruzes,Metropolitana de São Paulo
3518404,Guaratinguetá,Guaratinguetá,Vale do Paraíba Paulista
3518503,Guareí,Itapetininga,Itapetininga
3518602,Guariba,Jaboticabal,Ribeirão Preto
3518701,Guarujá,Santos,Metropolitana de São Paulo
3518800,Guarulhos,Guarulhos,Metropolitana de São Paulo
3518859,Guatapará,Ribeirão Preto,Ribeirão Preto
3518909,Guzolândia,Auriflama,São José do Rio Preto
3519006,Herculândia,Tupã,Marília
3519055,Holambra,Campinas,Campinas
3519071,Hortolândia,Campinas,Campinas
3519105,Iacanga,Bauru,Bauru
3519204,Iacri,Tupã,Marília
3519253,Iaras,Avaré,Bauru
3519303,Ibaté,São Carlos,Araraquara
3519402,Ibirá,São José do Rio Preto,São José do Rio Preto
3519501,Ibirarema,Assis,Assis
3519600,Ibitinga,Araraquara,Araraquara
3519709,Ibiúna,Piedade,Macro Metropolitana Paulista
3519808,Icém,São José do Rio Preto,São José do Rio Preto
3519907,Iepê,Assis,Assis
3520004,Igaraçu do Tietê,Jaú,Bauru
3520103,Igarapava,Ituverava,Ribeirão Preto
3520202,Igaratá,São José dos Campos,Vale do Paraíba Paulista
3520301,Iguape,Registro,Litoral Sul Paulista
3520400,Ilhabela,Caraguatatuba,Vale do Paraíba Paulista
3520426,Ilha Comprida,Registro,Litoral Sul Paulista
3520442,Ilha Solteira,Andradina,Araçatuba
3520509,Indaiatuba,Campinas,Campinas
3520608,Indiana,Presidente Prudente,Presidente Prudente
3520707,Indiaporã,Fernandópolis,São José do Rio Preto
3520806,Inúbia Paulista,Adamantina,Presidente Prudente
3520905,Ipaussu,Ourinhos,Assis
3521002,Iperó,Sorocaba,Macro Metropolitana Paulista
3521101,Ipeúna,Rio Claro,Piracicaba
3521150,Ipiguá,São José do Rio Preto,São José do Rio Preto
3521200,Iporanga,Capão Bonito,Itapetininga
3521309,Ipuã,São Joaquim da Barra,Ribeirão Preto
3521408,Iracemápolis,Limeira,Piracicaba
3521507,Irapuã,Novo Horizonte,São José do Rio Preto
3521606,Irapuru,Adamantina,Presidente Prudente
3521705,Itaberá,Itapeva,Itapetininga
3521804,Itaí,Avaré,Bauru
3521903,Itajobi,Novo Horizonte,São José do Rio Preto
3522000,Itaju,Jaú,Bauru
3522109,Itanhaém,Itanhaém,Litoral Sul Paulista
3522158,Itaoca,Capão Bonito,Itapetininga
3522208,Itapecerica da Serra,Itapecerica da Serra,Metropolitana de São Paulo
3522307,Itapetininga,Itapetininga,Itapetininga
3522406,Itapeva,Itapeva,Itapetininga
3522505,Itapevi,Osasco,Metropolitana de São Paulo
3522604,Itapira,Mogi Mirim,Campinas
3522653,Itapirapuã Paulista,Capão Bonito,Itapetininga
3522703,Itápolis,Araraquara,Araraquara
3522802,Itaporanga,Itapeva,Itapetininga
3522901,Itapuí,Jaú,Bauru
3523008,Itapura,Andradina,Araçatuba
3523107,Itaquaquecetuba,Mogi das Cruzes,Metropolitana de São Paulo
3523206,Itararé,Itapeva,Itapetininga
3523305,Itariri,Itanhaém,Litoral Sul Paulista
3523404,Itatiba,Bragança Paulista,Macro Metropolitana Paulista
3523503,Itatinga,Avaré,Bauru
3523602,Itirapina,Rio Claro,Piracicaba
3523701,Itirapuã,Franca,Ribeirão Preto
3523800,Itobi,São João da Boa Vista,Campinas
3523909,Itu,Sorocaba,Macro Metropolitana Paulista
3524006,Itupeva,Jundiaí,Macro Metropolitana Paulista
3524105,Ituverava,Ituverava,Ribeirão Preto
3524204,Jaborandi,São Joaquim da Barra,Ribeirão Preto
3524303,Jaboticabal,Jaboticabal,Ribeirão Preto
3524402,Jacareí,São José dos Campos,Vale do Paraíba Paulista
3524501,Jaci,São José do Rio Preto,São José do Rio Preto
3524600,Jacupiranga,Registro,Litoral Sul Paulista
3524709,Jaguariúna,Campinas,Campinas
3524808,Jales,Jales,São José do Rio Preto
3524907,Jambeiro,Paraibuna/Paraitinga,Vale do Paraíba Paulista
3525003,Jandira,Osasco,Metropolitana de São Paulo
3525102,Jardinópolis,Ribeirão Preto,Ribeirão Preto
3525201,Jarinu,Bragança Paulista,Macro Metropolitana Paulista
3525300,Jaú,Jaú,Bauru
3525409,Jeriquara,Franca,Ribeirão Preto
3525508,Joanópolis,Bragança Paulista,Macro Metropolitana Paulista
3525607,João Ramalho,Presidente Prudente,Presidente Prudente
3525706,José Bonifácio,São José do Rio Preto,São José do Rio Preto
3525805,Júlio Mesquita,Lins,Bauru
3525854,Jumirim,Piracicaba,Piracicaba
3525904,Jundiaí,Jundiaí,Macro Metropolitana Paulista
3526001,Junqueirópolis,Dracena,Presidente Prudente
3526100,Juquiá,Registro,Litoral Sul Paulista
3526209,Juquitiba,Itapecerica da Serra,Metropolitana de São Paulo
3526308,Lagoinha,Paraibuna/Paraitinga,Vale do Paraíba Paulista
3526407,Laranjal Paulista,Tatuí,Itapetininga
3526506,Lavínia,Araçatuba,Araçatuba
3526605,Lavrinhas,Guaratinguetá,Vale do Paraíba Paulista
3526704,Leme,Limeira,Piracicaba
3526803,Lençóis Paulista,Bauru,Bauru
3526902,Limeira,Limeira,Piracicaba
3527009,Lindóia,Amparo,Campinas
3527108,Lins,Lins,Bauru
3527207,Lorena,Guaratinguetá,Vale do Paraíba Paulista
3527256,Lourdes,Birigui,Araçatuba
3527306,Louveira,Jundiaí,Macro Metropolitana Paulista
3527405,Lucélia,Adamantina,Presidente Prudente
3527504,Lucianópolis,Bauru,Bauru
3527603,Luís Antônio,Ribeirão Preto,Ribeirão Preto
3527702,Luiziânia,Birigui,Araçatuba
3527801,Lupércio,Marília,Marília
3527900,Lutécia,Assis,Assis
3528007,Macatuba,Jaú,Bauru
3528106,Macaubal,Nhandeara,São José do Rio Preto
3528205,Macedônia,Fernandópolis,São José do Rio Preto
3528304,Magda,Auriflama,São José do Rio Preto
3528403,Mairinque,Sorocaba,Macro Metropolitana Paulista
3528502,Mairiporã,Franco da Rocha,Metropolitana de São Paulo
3528601,Manduri,Ourinhos,Assis
3528700,Marabá Paulista,Presidente Prudente,Presidente Prudente
3528809,Maracaí,Assis,Assis
3528858,Marapoama,Novo Horizonte,São José do Rio Preto
3528908,Mariápolis,Adamantina,Presidente Prudente
3529005,Marília,Marília,Marília
3529104,Marinópolis,Jales,São José do Rio Preto
3529203,Martinópolis,Presidente Prudente,Presidente Prudente
3529302,Matão,Araraquara,Araraquara
3529401,Mauá,São Paulo,Metropolitana de São Paulo
3529500,Mendonça,São José do Rio Preto,São José do Rio Preto
3529609,Meridiano,Fernandópolis,São José do Rio Preto
3529658,Mesópolis,Jales,São José do Rio Preto
3529708,Miguelópolis,São Joaquim da Barra,Ribeirão Preto
3529807,Mineiros do Tietê,Jaú,Bauru
3529906,Miracatu,Registro,Litoral Sul Paulista
3530003,Mira Estrela,Fernandópolis,São José do Rio Preto
3530102,Mirandópolis,Andradina,Araçatuba
3530201,Mirante do Paranapanema,Presidente Prudente,Presidente Prudente
3530300,Mirassol,São José do Rio Preto,São José do Rio Preto
3530409,Mirassolândia,São José do Rio Preto,São José do Rio Preto
3530508,Mococa,São João da Boa Vista,Campinas
3530607,Mogi das Cruzes,Mogi das Cruzes,Metropolitana de São Paulo
3530706,Mogi Guaçu,Mogi Mirim,Campinas
3530805,Mogi Mirim,Mogi Mirim,Campinas
3530904,Mombuca,Piracicaba,Piracicaba
3531001,Monções,Nhandeara,São José do Rio Preto
3531100,Mongaguá,Itanhaém,Litoral Sul Paulista
3531209,Monte Alegre do Sul,Amparo,Campinas
3531308,Monte Alto,Jaboticabal,Ribeirão Preto
3531407,Monte Aprazível,Nhandeara,São José do Rio Preto
3531506,Monte Azul Paulista,Jaboticabal,Ribeirão Preto
3531605,Monte Castelo,Dracena,Presidente Prudente
3531704,Monteiro Lobato,Campos do Jordão,Vale do Paraíba Paulista
3531803,Monte Mor,Campinas,Campinas
3531902,Morro Agudo,São Joaquim da Barra,Ribeirão Preto
3532009,Morungaba,Bragança Paulista,Macro Metropolitana Paulista
3532058,Motuca,Araraquara,Araraquara
3532108,Murutinga do Sul,Andradina,Araçatuba
3532157,Nantes,Assis,Assis
3532207,Narandiba,Presidente Prudente,Presidente Prudente
3532306,Natividade da Serra,Paraibuna/Paraitinga,Vale do Paraíba Paulista
3532405,Nazaré Paulista,Bragança Paulista,Macro Metropolitana Paulista
3532504,Neves Paulista,Nhandeara,São José do Rio Preto
3532603,Nhandeara,Nhandeara,São José do Rio Preto
3532702,Nipoã,Nhandeara,São José do Rio Preto
3532801,Nova Aliança,São José do Rio Preto,São José do Rio Preto
3532827,Nova Campina,Itapeva,Itapetininga
3532843,Nova Canaã Paulista,Jales,São José do Rio Preto
3532868,Nova Castilho,Auriflama,São José do Rio Preto
3532900,Nova Europa,Araraquara,Araraquara
3533007,Nova Granada,São José do Rio Preto,São José do Rio Preto
3533106,Nova Guataporanga,Dracena,Presidente Prudente
3533205,Nova Independência,Andradina,Araçatuba
3533254,Novais,Catanduva,São José do Rio Preto
3533304,Nova Luzitânia,Auriflama,São José do Rio Preto
3533403,Nova Odessa,Campinas,Campinas
3533502,Novo Horizonte,Novo Horizonte,São José do Rio Preto
3533601,Nuporanga,São Joaquim da Barra,Ribeirão Preto
3533700,Ocauçu,Marília,Marília
3533809,Óleo,Ourinhos,Assis
3533908,Olímpia,São José do Rio Preto,São José do Rio Preto
3534005,Onda Verde,São José do Rio Preto,São José do Rio Preto
3534104,Oriente,Marília,Marília
3534203,Orindiúva,São José do Rio Preto,São José do Rio Preto
3534302,Orlândia,São Joaquim da Barra,Ribeirão Preto
3534401,Osasco,Osasco,Metropolitana de São Paulo
3534500,Oscar Bressane,Marília,Marília
3534609,Osvaldo Cruz,Adamantina,Presidente Prudente
3534708,Ourinhos,Ourinhos,Assis
3534757,Ouroeste,Fernandópolis,São José do Rio Preto
3534807,Ouro Verde,Dracena,Presidente Prudente
3534906,Pacaembu,Adamantina,Presidente Prudente
3535002,Palestina,São José do Rio Preto,São José do Rio Preto
3535101,Palmares Paulista,Catanduva,São José do Rio Preto
3535200,Palmeira d'Oeste,Jales,São José do Rio Preto
3535309,Palmital,Assis,Assis
3535408,Panorama,Dracena,Presidente Prudente
3535507,Paraguaçu Paulista,Assis,Assis
3535606,Paraibuna,Paraibuna/Paraitinga,Vale do Paraíba Paulista
3535705,Paraíso,Catanduva,São José do Rio Preto
3535804,Paranapanema,Avaré,Bauru
3535903,Paranapuã,Jales,São José do Rio Preto
3536000,Parapuã,Adamantina,Presidente Prudente
3536109,Pardinho,Botucatu,Bauru
3536208,Pariquera-Açu,Registro,Litoral Sul Paulista
3536257,Parisi,Votuporanga,São José do Rio Preto
3536307,Patrocínio Paulista,Franca,Ribeirão Preto
3536406,Paulicéia,Dracena,Presidente Prudente
3536505,Paulínia,Campinas,Campinas
3536570,Paulistânia,Bauru,Bauru
3536604,Paulo de Faria,São José do Rio Preto,São José do Rio Preto
3536703,Pederneiras,Jaú,Bauru
3536802,Pedra Bela,Amparo,Campinas
3536901,Pedranópolis,Fernandópolis,São José do Rio Preto
3537008,Pedregulho,Franca,Ribeirão Preto
3537107,Pedreira,Campinas,Campinas
3537156,Pedrinhas Paulista,Assis,Assis
3537206,Pedro de Toledo,Itanhaém,Litoral Sul Paulista
3537305,Penápolis,Birigui,Araçatuba
3537404,Pereira Barreto,Andradina,Araçatuba
3537503,Pereiras,Tatuí,Itapetininga
3537602,Peruíbe,Itanhaém,Litoral Sul Paulista
3537701,Piacatu,Birigui,Araçatuba
3537800,Piedade,Piedade,Macro Metropolitana Paulista
3537909,Pilar do Sul,Piedade,Macro Metropolitana Paulista
3538006,Pindamonhangaba,São José dos Campos,Vale do Paraíba Paulista
3538105,Pindorama,Catanduva,São José do Rio Preto
3538204,Pinhalzinho,Amparo,Campinas
3538303,Piquerobi,Presidente Prudente,Presidente Prudente
3538501,Piquete,Guaratinguetá,Vale do Paraíba Paulista
3538600,Piracaia,Bragança Paulista,Macro Metropolitana Paulista
3538709,Piracicaba,Piracicaba,Piracicaba
3538808,Piraju,Ourinhos,Assis
3538907,Pirajuí,Bauru,Bauru
3539004,Pirangi,Jaboticabal,Ribeirão Preto
3539103,Pirapora do Bom Jesus,Osasco,Metropolitana de São Paulo
3539202,Pirapozinho,Presidente Prudente,Presidente Prudente
3539301,Pirassununga,Pirassununga,Campinas
3539400,Piratininga,Bauru,Bauru
3539509,Pitangueiras,Jaboticabal,Ribeirão Preto
3539608,Planalto,São José do Rio Preto,São José do Rio Preto
3539707,Platina,Assis,Assis
3539806,Poá,Mogi das Cruzes,Metropolitana de São Paulo
3539905,Poloni,Nhandeara,São José do Rio Preto
3540002,Pompéia,Marília,Marília
3540101,Pongaí,Bauru,Bauru
3540200,Pontal,Ribeirão Preto,Ribeirão Preto
3540259,Pontalinda,Jales,São José do Rio Preto
3540309,Pontes Gestal,Votuporanga,São José do Rio Preto
3540408,Populina,Jales,São José do Rio Preto
3540507,Porangaba,Tatuí,Itapetininga
3540606,Porto Feliz,Sorocaba,Macro Metropolitana Paulista
3540705,Porto Ferreira,Pirassununga,Campinas
3540754,Potim,Guaratinguetá,Vale do Paraíba Paulista
3540804,Potirendaba,São José do Rio Preto,São José do Rio Preto
3540853,Pracinha,Adamantina,Presidente Prudente
3540903,Pradópolis,Ribeirão Preto,Ribeirão Preto
3541000,Praia Grande,Santos,Metropolitana de São Paulo
3541059,Pratânia,Botucatu,Bauru
3541109,Presidente Alves,Bauru,Bauru
3541208,Presidente Bernardes,Presidente Prudente,Presidente Prudente
3541307,Presidente Epitácio,Presidente Prudente,Presidente Prudente
3541406,Presidente Prudente,Presidente Prudente,Presidente Prudente
3541505,Presidente Venceslau,Presidente Prudente,Presidente Prudente
3541604,Promissão,Lins,Bauru
3541653,Quadra,Tatuí,Itapetininga
3541703,Quatá,Assis,Assis
3541802,Queiroz,Tupã,Marília
3541901,Queluz,Guaratinguetá,Vale do Paraíba Paulista
3542008,Quintana,Tupã,Marília
3542107,Rafard,Piracicaba,Piracicaba
3542206,Rancharia,Presidente Prudente,Presidente Prudente
3542305,Redenção da Serra,Paraibuna/Paraitinga,Vale do Paraíba Paulista
3542404,Regente Feijó,Presidente Prudente,Presidente Prudente
3542503,Reginópolis,Bauru,Bauru
3542602,Registro,Registro,Litoral Sul Paulista
3542701,Restinga,Franca,Ribeirão Preto
3542800,Ribeira,Capão Bonito,Itapetininga
3542909,Ribeirão Bonito,São Carlos,Araraquara
3543006,Ribeirão Branco,Capão Bonito,Itapetininga
3543105,Ribeirão Corrente,Franca,Ribeirão Preto
3543204,Ribeirão do Sul,Ourinhos,Assis
3543238,Ribeirão dos Índios,Presidente Prudente,Presidente Prudente
3543253,Ribeirão Grande,Capão Bonito,Itapetininga
3543303,Ribeirão Pires,São Paulo,Metropolitana de São Paulo
3543402,Ribeirão Preto,Ribeirão Preto,Ribeirão Preto
3543501,Riversul,Itapeva,Itapetininga
3543600,Rifaina,Franca,Ribeirão Preto
3543709,Rincão,Araraquara,Araraquara
3543808,Rinópolis,Adamantina,Presidente Prudente
3543907,Rio Claro,Rio Claro,Piracicaba
3544004,Rio das Pedras,Piracicaba,Piracicaba
3544103,Rio Grande da Serra,São Paulo,Metropolitana de São Paulo
3544202,Riolândia,Votuporanga,São José do Rio Preto
3544251,Rosana,Presidente Prudente,Presidente Prudente
3544301,Roseira,Guaratinguetá,Vale do Paraíba Paulista
3544400,Rubiácea,Araçatuba,Araçatuba
3544509,Rubinéia,Jales,São José do Rio Preto
3544608,Sabino,Lins,Bauru
3544707,Sagres,Adamantina,Presidente Prudente
3544806,Sales,Novo Horizonte,São José do Rio Preto
3544905,Sales Oliveira,São Joaquim da Barra,Ribeirão Preto
3545001,Salesópolis,Mogi das Cruzes,Metropolitana de São Paulo
3545100,Salmourão,Adamantina,Presidente Prudente
3545159,Saltinho,Piracicaba,Piracicaba
3545209,Salto,Sorocaba,Macro Metropolitana Paulista
3545308,Salto de Pirapora,Sorocaba,Macro Metropolitana Paulista
3545407,Salto Grande,Ourinhos,Assis
3545506,Sandovalina,Presidente Prudente,Presidente Prudente
3545605,Santa Adélia,Catanduva,São José do Rio Preto
3545704,Santa Albertina,Jales,São José do Rio Preto
3545803,Santa Bárbara d'Oeste,Campinas,Campinas
3546009,Santa Branca,São José dos Campos,Vale do Paraíba Paulista
3546108,Santa Clara d'Oeste,Jales,São José do Rio Preto
3546207,Santa Cruz da Conceição,Limeira,Piracicaba
3546256,Santa Cruz da Esperança,Batatais,Ribeirão Preto
3546306,Santa Cruz das Palmeiras,Pirassununga,Campinas
3546405,Santa Cruz do Rio Pardo,Ourinhos,Assis
3546504,Santa Ernestina,Jaboticabal,Ribeirão Preto
3546603,Santa Fé do Sul,Jales,São José do Rio Preto
3546702,Santa Gertrudes,Limeira,Piracicaba
3546801,Santa Isabel,Guarulhos,Metropolitana de São Paulo
3546900,Santa Lúcia,Araraquara,Araraquara
3547007,Santa Maria da Serra,Piracicaba,Piracicaba
3547106,Santa Mercedes,Dracena,Presidente Prudente
3547205,Santana da Ponte Pensa,Jales,São José do Rio Preto
3547304,Santana de Parnaíba,Osasco,Metropolitana de São Paulo
3547403,Santa Rita d'Oeste,Jales,São José do Rio Preto
3547502,Santa Rita do Passa Quatro,Ribeirão Preto,Ribeirão Preto
3547601,Santa Rosa de Viterbo,Ribeirão Preto,Ribeirão Preto
3547650,Santa Salete,Jales,São José do Rio Preto
3547700,Santo Anastácio,Presidente Prudente,Presidente Prudente
3547809,Santo André,São Paulo,Metropolitana de São Paulo
3547908,Santo Antônio da Alegria,Batatais,Ribeirão Preto
3548005,Santo Antônio de Posse,Mogi Mirim,Campinas
3548054,Santo Antônio do Aracanguá,Araçatuba,Araçatuba
3548104,Santo Antônio do Jardim,São João da Boa Vista,Campinas
3548203,Santo Antônio do Pinhal,Campos do Jordão,Vale do Paraíba Paulista
3548302,Santo Expedito,Presidente Prudente,Presidente Prudente
3548401,Santópolis do Aguapeí,Birigui,Araçatuba
3548500,Santos,Santos,Metropolitana de São Paulo
3548609,São Bento do Sapucaí,Campos do Jordão,Vale do Paraíba Paulista
3548708,São Bernardo do Campo,São Paulo,Metropolitana de São Paulo
3548807,São Caetano do Sul,São Paulo,Metropolitana de São Paulo
3548906,São Carlos,São Carlos,Araraquara
3549003,São Francisco,Jales,São José do Rio Preto
3549102,São João da Boa Vista,São João da Boa Vista,Campinas
3549201,São João das Duas Pontes,Fernandópolis,São José do Rio Preto
3549250,São João de Iracema,Auriflama,São José do Rio Preto
3549300,São João do Pau d'Alho,Dracena,Presidente Prudente
3549409,São Joaquim da Barra,São Joaquim da Barra,Ribeirão Preto
3549508,São José da Bela Vista,Franca,Ribeirão Preto
3549607,São José do Barreiro,Bananal,Vale do Paraíba Paulista
3549706,São José do Rio Pardo,São João da Boa Vista,Campinas
3549805,São José do Rio Preto,São José do Rio Preto,São José do Rio Preto
3549904,São José dos Campos,São José dos Campos,Vale do Paraíba Paulista
3549953,São Lourenço da Serra,Itapecerica da Serra,Metropolitana de São Paulo
3550001,São Luiz do Paraitinga,Paraibuna/Paraitinga,Vale do Paraíba Paulista
3550100,São Manuel,Botucatu,Bauru
3550209,São Miguel Arcanjo,Piedade,Macro Metropolitana Paulista
3550308,São Paulo,São Paulo,Metropolitana de São Paulo
3550407,São Pedro,Piracicaba,Piracicaba
3550506,São Pedro do Turvo,Ourinhos,Assis
3550605,São Roque,Sorocaba,Macro Metropolitana Paulista
3550704,São Sebastião,Caraguatatuba,Vale do Paraíba Paulista
3550803,São Sebastião da Grama,São João da Boa Vista,Campinas
3550902,São Simão,Ribeirão Preto,Ribeirão Preto
3551009,São Vicente,Santos,Metropolitana de São Paulo
3551108,Sarapuí,Sorocaba,Macro Metropolitana Paulista
3551207,Sarutaiá,Ourinhos,Assis
3551306,Sebastianópolis do Sul,Nhandeara,São José do Rio Preto
3551405,Serra Azul,Ribeirão Preto,Ribeirão Preto
3551504,Serrana,Ribeirão Preto,Ribeirão Preto
3551603,Serra Negra,Amparo,Campinas
3551702,Sertãozinho,Ribeirão Preto,Ribeirão Preto
3551801,Sete Barras,Registro,Litoral Sul Paulista
3551900,Severínia,Catanduva,São José do Rio Preto
3552007,Silveiras,Bananal,Vale do Paraíba Paulista
3552106,Socorro,Amparo,Campinas
3552205,Sorocaba,Sorocaba,Macro Metropolitana Paulista
3552304,Sud Mennucci,Andradina,Araçatuba
3552403,Sumaré,Campinas,Campinas
3552502,Suzano,Mogi das Cruzes,Metropolitana de São Paulo
3552551,Suzanápolis,Andradina,Araçatuba
3552601,Tabapuã,Catanduva,São José do Rio Preto
3552700,Tabatinga,Araraquara,Araraquara
3552809,Taboão da Serra,Itapecerica da Serra,Metropolitana de São Paulo
3552908,Taciba,Presidente Prudente,Presidente Prudente
3553005,Taguaí,Ourinhos,Assis
3553104,Taiaçu,Jaboticabal,Ribeirão Preto
3553203,Taiúva,Jaboticabal,Ribeirão Preto
3553302,Tambaú,São João da Boa Vista,Campinas
3553401,Tanabi,São José do Rio Preto,São José do Rio Preto
3553500,Tapiraí,Piedade,Macro Metropolitana Paulista
3553609,Tapiratiba,São João da Boa Vista,Campinas
3553658,Taquaral,Jaboticabal,Ribeirão Preto
3553708,Taquaritinga,Jaboticabal,Ribeirão Preto
3553807,Taquarituba,Itapeva,Itapetininga
3553856,Taquarivaí,Itapeva,Itapetininga
3553906,Tarabai,Presidente Prudente,Presidente Prudente
3553955,Tarumã,Assis,Assis
3554003,Tatuí,Tatuí,Itapetininga
3554102,Taubaté,São José dos Campos,Vale do Paraíba Paulista
3554201,Tejupá,Ourinhos,Assis
3554300,Teodoro Sampaio,Presidente Prudente,Presidente Prudente
3554409,Terra Roxa,Jaboticabal,Ribeirão Preto
3554508,Tietê,Piracicaba,Piracicaba
3554607,Timburi,Ourinhos,Assis
3554656,Torre de Pedra,Tatuí,Itapetininga
3554706,Torrinha,Rio Claro,Piracicaba
3554755,Trabiju,Araraquara,Araraquara
3554805,Tremembé,São José dos Campos,Vale do Paraíba Paulista
3554904,Três Fronteiras,Jales,São José do Rio Preto
3554953,Tuiuti,Bragança Paulista,Macro Metropolitana Paulista
3555000,Tupã,Tupã,Marília
3555109,Tupi Paulista,Dracena,Presidente Prudente
3555208,Turiúba,Birigui,Araçatuba
3555307,Turmalina,Fernandópolis,São José do Rio Preto
3555356,Ubarana,São José do Rio Preto,São José do Rio Preto
3555406,Ubatuba,Caraguatatuba,Vale do Paraíba Paulista
3555505,Ubirajara,Bauru,Bauru
3555604,Uchoa,São José do Rio Preto,São José do Rio Preto
3555703,União Paulista,Nhandeara,São José do Rio Preto
3555802,Urânia,Jales,São José do Rio Preto
3555901,Uru,Bauru,Bauru
3556008,Urupês,Novo Horizonte,São José do Rio Preto
3556107,Valentim Gentil,Votuporanga,São José do Rio Preto
3556206,Valinhos,Campinas,Campinas
3556305,Valparaíso,Araçatuba,Araçatuba
3556354,Vargem,Bragança Paulista,Macro Metropolitana Paulista
3556404,Vargem Grande do Sul,São João da Boa Vista,Campinas
3556453,Vargem Grande Paulista,Itapecerica da Serra,Metropolitana de São Paulo
3556503,Várzea Paulista,Jundiaí,Macro Metropolitana Paulista
3556602,Vera Cruz,Marília,Marília
3556701,Vinhedo,Campinas,Campinas
3556800,Viradouro,Jaboticabal,Ribeirão Preto
3556909,Vista Alegre do Alto,Jaboticabal,Ribeirão Preto
3556958,Vitória Brasil,Jales,São José do Rio Preto
3557006,Votorantim,Sorocaba,Macro Metropolitana Paulista
3557105,Votuporanga,Votuporanga,São José do Rio Preto
3557154,Zacarias,São José do Rio Preto,São José do Rio Preto
3557204,Chavantes,Ourinhos,Assis
3557303,Estiva Gerbi,Mogi Mirim,Campinas
