cd_municipio_ibge_7,cd_municipio_ibge_6,nm_municipio,sg_uf,cd_regiao_saude,nm_regiao_saude,cd_macrorregiao_saude,nm_macrorregiao_saude,qt_populacao_ibge_2022,ds_fonte_populacao
3500105,350010,Adamantina,SP,35091,ADAMANTINA,3533,RRAS10,34687,Ministério da Saúde / IBGE 2022
3500204,350020,Adolfo,SP,35156,JOSE BONIFACIO,3531,RRAS12,4351,Ministério da Saúde / IBGE 2022
3500303,350030,Aguaí,SP,35142,MANTIQUEIRA,3528,RRAS15,32072,Ministério da Saúde / IBGE 2022
3500402,350040,Águas da Prata,SP,35142,MANTIQUEIRA,3528,RRAS15,7369,Ministério da Saúde / IBGE 2022
3500501,350050,Águas de Lindóia,SP,35074,CIRCUITO DAS AGUAS,3528,RRAS15,17930,Ministério da Saúde / IBGE 2022
3500550,350055,Águas de Santa Bárbara,SP,35061,VALE DO JURUMIRIM,3518,RRAS9,7177,Ministério da Saúde / IBGE 2022
3500600,350060,Águas de São Pedro,SP,35103,PIRACICABA,3529,RRAS14,2780,Ministério da Saúde / IBGE 2022
3500709,350070,Agudos,SP,35062,BAURU,3518,RRAS9,37680,Ministério da Saúde / IBGE 2022
3500758,350075,Alambari,SP,35161,ITAPETININGA,3519,RRAS8,6141,Ministério da Saúde / IBGE 2022
3500808,350080,Alfredo Marcondes,SP,35112,ALTA SOROCABANA,3532,RRAS11,4445,Ministério da Saúde / IBGE 2022
3500907,350090,Altair,SP,35051,NORTE - BARRETOS,3530,RRAS13,3451,Ministério da Saúde / IBGE 2022
3501004,350100,Altinópolis,SP,35133,VALE DAS CACHOEIRAS,3530,RRAS13,16818,Ministério da Saúde / IBGE 2022
3501103,350110,Alto Alegre,SP,35023,CONSORCIOS DO DRS II,3536,RRAS19,3841,Ministério da Saúde / IBGE 2022
3501152,350115,Alumínio,SP,35163,SOROCABA,3519,RRAS8,17301,Ministério da Saúde / IBGE 2022
3501202,350120,Álvares Florence,SP,35157,VOTUPORANGA,3531,RRAS12,3915,Ministério da Saúde / IBGE 2022
3501301,350130,Álvares Machado,SP,35112,ALTA SOROCABANA,3532,RRAS11,27255,Ministério da Saúde / IBGE 2022
3501400,350140,Álvaro de Carvalho,SP,35093,MARILIA,3533,RRAS10,4808,Ministério da Saúde / IBGE 2022
3501509,350150,Alvinlândia,SP,35093,MARILIA,3533,RRAS10,2885,Ministério da Saúde / IBGE 2022
3501608,350160,Americana,SP,35072,REGIAO METROPOLITANA DE CAMPINAS,3528,RRAS15,237240,Ministério da Saúde / IBGE 2022
3501707,350170,Américo Brasiliense,SP,35031,CENTRAL DO DRS III,3535,RRAS18,33019,Ministério da Saúde / IBGE 2022
3501806,350180,Américo de Campos,SP,35157,VOTUPORANGA,3531,RRAS12,5870,Ministério da Saúde / IBGE 2022
3501905,350190,Amparo,SP,35074,CIRCUITO DAS AGUAS,3528,RRAS15,68008,Ministério da Saúde / IBGE 2022
3502002,350200,Analândia,SP,35104,RIO CLARO,3529,RRAS14,4589,Ministério da Saúde / IBGE 2022
3502101,350210,Andradina,SP,35022,LAGOS DO DRS II,3536,RRAS19,59783,Ministério da Saúde / IBGE 2022
3502200,350220,Angatuba,SP,35161,ITAPETININGA,3519,RRAS8,24022,Ministério da Saúde / IBGE 2022
3502309,350230,Anhembi,SP,35063,POLO CUESTA,3518,RRAS9,5674,Ministério da Saúde / IBGE 2022
3502408,350240,Anhumas,SP,35112,ALTA SOROCABANA,3532,RRAS11,4023,Ministério da Saúde / IBGE 2022
3502507,350250,Aparecida,SP,35172,CIRCUITO DA FE E VALE HISTORICO,3526,RRAS17,32569,Ministério da Saúde / IBGE 2022
3502606,350260,Aparecida d'Oeste,SP,35153,JALES,3531,RRAS12,4086,Ministério da Saúde / IBGE 2022
3502705,350270,Apiaí,SP,35162,ITAPEVA,3519,RRAS8,24585,Ministério da Saúde / IBGE 2022
3502754,350275,Araçariguama,SP,35163,SOROCABA,3519,RRAS8,21522,Ministério da Saúde / IBGE 2022
3502804,350280,Araçatuba,SP,35021,CENTRAL DO DRS II,3536,RRAS19,200124,Ministério da Saúde / IBGE 2022
3502903,350290,Araçoiaba da Serra,SP,35163,SOROCABA,3519,RRAS8,32443,Ministério da Saúde / IBGE 2022
3503000,350300,Aramina,SP,35083,ALTA MOGIANA,3530,RRAS13,5420,Ministério da Saúde / IBGE 2022
3503109,350310,Arandu,SP,35061,VALE DO JURUMIRIM,3518,RRAS9,6885,Ministério da Saúde / IBGE 2022
3503158,350315,Arapeí,SP,35172,CIRCUITO DA FE E VALE HISTORICO,3526,RRAS17,2330,Ministério da Saúde / IBGE 2022
3503208,350320,Araraquara,SP,35031,CENTRAL DO DRS III,3535,RRAS18,242228,Ministério da Saúde / IBGE 2022
3503307,350330,Araras,SP,35101,ARARAS,3529,RRAS14,130866,Ministério da Saúde / IBGE 2022
3503356,350335,Arco-Íris,SP,35095,TUPA,3533,RRAS10,2044,Ministério da Saúde / IBGE 2022
3503406,350340,Arealva,SP,35062,BAURU,3518,RRAS9,8130,Ministério da Saúde / IBGE 2022
3503505,350350,Areias,SP,35172,CIRCUITO DA FE E VALE HISTORICO,3526,RRAS17,3577,Ministério da Saúde / IBGE 2022
3503604,350360,Areiópolis,SP,35063,POLO CUESTA,3518,RRAS9,10130,Ministério da Saúde / IBGE 2022
3503703,350370,Ariranha,SP,35151,CATANDUVA,3531,RRAS12,7602,Ministério da Saúde / IBGE 2022
3503802,350380,Artur Nogueira,SP,35072,REGIAO METROPOLITANA DE CAMPINAS,3528,RRAS15,51456,Ministério da Saúde / IBGE 2022
3503901,350390,Arujá,SP,35011,ALTO DO TIETE,3525,RRAS2,86678,Ministério da Saúde / IBGE 2022
3503950,350395,Aspásia,SP,35153,JALES,3531,RRAS12,1842,Ministério da Saúde / IBGE 2022
3504008,350400,Assis,SP,35092,ASSIS,3533,RRAS10,101409,Ministério da Saúde / IBGE 2022
3504107,350410,Atibaia,SP,35071,BRAGANCA,3527,RRAS16,158647,Ministério da Saúde / IBGE 2022
3504206,350420,Auriflama,SP,35021,CENTRAL DO DRS II,3536,RRAS19,13692,Ministério da Saúde / IBGE 2022
3504305,350430,Avaí,SP,35062,BAURU,3518,RRAS9,4483,Ministério da Saúde / IBGE 2022
3504404,350440,Avanhandava,SP,35023,CONSORCIOS DO DRS II,3536,RRAS19,11263,Ministério da Saúde / IBGE 2022
3504503,350450,Avaré,SP,35061,VALE DO JURUMIRIM,3518,RRAS9,92805,Ministério da Saúde / IBGE 2022
3504602,350460,Bady Bassitt,SP,35155,SAO JOSE DO RIO PRETO,3531,RRAS12,27260,Ministério da Saúde / IBGE 2022
3504701,350470,Balbinos,SP,35062,BAURU,3518,RRAS9,3887,Ministério da Saúde / IBGE 2022
3504800,350480,Bálsamo,SP,35155,SAO JOSE DO RIO PRETO,3531,RRAS12,9596,Ministério da Saúde / IBGE 2022
3504909,350490,Bananal,SP,35172,CIRCUITO DA FE E VALE HISTORICO,3526,RRAS17,9969,Ministério da Saúde / IBGE 2022
3505005,350500,Barão de Antonina,SP,35061,VALE DO JURUMIRIM,3518,RRAS9,3531,Ministério da Saúde / IBGE 2022
3505104,350510,Barbosa,SP,35023,CONSORCIOS DO DRS II,3536,RRAS19,5640,Ministério da Saúde / IBGE 2022
3505203,350520,Bariri,SP,35064,JAU,3518,RRAS9,31595,Ministério da Saúde / IBGE 2022
3505302,350530,Barra Bonita,SP,35064,JAU,3518,RRAS9,34346,Ministério da Saúde / IBGE 2022
3505351,350535,Barra do Chapéu,SP,35162,ITAPEVA,3519,RRAS8,5179,Ministério da Saúde / IBGE 2022
3505401,350540,Barra do Turvo,SP,35121,VALE DO RIBEIRA,3520,RRAS7,6876,Ministério da Saúde / IBGE 2022
3505500,350550,Barretos,SP,35051,NORTE - BARRETOS,3530,RRAS13,122485,Ministério da Saúde / IBGE 2022
3505609,350560,Barrinha,SP,35131,HORIZONTE VERDE,3530,RRAS13,32092,Ministério da Saúde / IBGE 2022
3505708,350570,Barueri,SP,35014,ROTA DOS BANDEIRANTES,3522,RRAS5,316473,Ministério da Saúde / IBGE 2022
3505807,350580,Bastos,SP,35095,TUPA,3533,RRAS10,21503,Ministério da Saúde / IBGE 2022
3505906,350590,Batatais,SP,35133,VALE DAS CACHOEIRAS,3530,RRAS13,58402,Ministério da Saúde / IBGE 2022
3506003,350600,Bauru,SP,35062,BAURU,3518,RRAS9,379146,Ministério da Saúde / IBGE 2022
3506102,350610,Bebedouro,SP,35052,SUL - BARRETOS,3530,RRAS13,76373,Ministério da Saúde / IBGE 2022
3506201,350620,Bento de Abreu,SP,35021,CENTRAL DO DRS II,3536,RRAS19,2606,Ministério da Saúde / IBGE 2022
3506300,350630,Bernardino de Campos,SP,35094,OURINHOS,3533,RRAS10,11607,Ministério da Saúde / IBGE 2022
3506359,350635,Bertioga,SP,35041,BAIXADA SANTISTA,3520,RRAS7,64188,Ministério da Saúde / IBGE 2022
3506409,350640,Bilac,SP,35021,CENTRAL DO DRS II,3536,RRAS19,7319,Ministério da Saúde / IBGE 2022
3506508,350650,Birigui,SP,35023,CONSORCIOS DO DRS II,3536,RRAS19,118979,Ministério da Saúde / IBGE 2022
3506607,350660,Biritiba Mirim,SP,35011,ALTO DO TIETE,3525,RRAS2,29683,Ministério da Saúde / IBGE 2022
3506706,350670,Boa Esperança do Sul,SP,35031,CENTRAL DO DRS III,3535,RRAS18,12978,Ministério da Saúde / IBGE 2022
3506805,350680,Bocaina,SP,35064,JAU,3518,RRAS9,11259,Ministério da Saúde / IBGE 2022
3506904,350690,Bofete,SP,35063,POLO CUESTA,3518,RRAS9,10460,Ministério da Saúde / IBGE 2022
3507001,350700,Boituva,SP,35163,SOROCABA,3519,RRAS8,61081,Ministério da Saúde / IBGE 2022
3507100,350710,Bom Jesus dos Perdões,SP,35071,BRAGANCA,3527,RRAS16,22006,Ministério da Saúde / IBGE 2022
3507159,350715,Bom Sucesso de Itararé,SP,35162,ITAPEVA,3519,RRAS8,3555,Ministério da Saúde / IBGE 2022
3507209,350720,Borá,SP,35092,ASSIS,3533,RRAS10,907,Ministério da Saúde / IBGE 2022
3507308,350730,Boracéia,SP,35064,JAU,3518,RRAS9,4715,Ministério da Saúde / IBGE 2022
3507407,350740,Borborema,SP,35033,NOROESTE DO DRS III,3535,RRAS18,14226,Ministério da Saúde / IBGE 2022
3507456,350745,Borebi,SP,35062,BAURU,3518,RRAS9,2713,Ministério da Saúde / IBGE 2022
3507506,350750,Botucatu,SP,35063,POLO CUESTA,3518,RRAS9,145155,Ministério da Saúde / IBGE 2022
3507605,350760,Bragança Paulista,SP,35071,BRAGANCA,3527,RRAS16,176811,Ministério da Saúde / IBGE 2022
3507704,350770,Braúna,SP,35023,CONSORCIOS DO DRS II,3536,RRAS19,5356,Ministério da Saúde / IBGE 2022
3507753,350775,Brejo Alegre,SP,35023,CONSORCIOS DO DRS II,3536,RRAS19,2565,Ministério da Saúde / IBGE 2022
3507803,350780,Brodowski,SP,35133,VALE DAS CACHOEIRAS,3530,RRAS13,25201,Ministério da Saúde / IBGE 2022
3507902,350790,Brotas,SP,35064,JAU,3518,RRAS9,23898,Ministério da Saúde / IBGE 2022
3508009,350800,Buri,SP,35162,ITAPEVA,3519,RRAS8,20250,Ministério da Saúde / IBGE 2022
3508108,350810,Buritama,SP,35023,CONSORCIOS DO DRS II,3536,RRAS19,17210,Ministério da Saúde / IBGE 2022
3508207,350820,Buritizal,SP,35083,ALTA MOGIANA,3530,RRAS13,4356,Ministério da Saúde / IBGE 2022
3508306,350830,Cabrália Paulista,SP,35062,BAURU,3518,RRAS9,4299,Ministério da Saúde / IBGE 2022
3508405,350840,Cabreúva,SP,35073,JUNDIAI,3527,RRAS16,47011,Ministério da Saúde / IBGE 2022
3508504,350850,Caçapava,SP,35171,ALTO VALE DO PARAIBA,3526,RRAS17,96202,Ministério da Saúde / IBGE 2022
3508603,350860,Cachoeira Paulista,SP,35172,CIRCUITO DA FE E VALE HISTORICO,3526,RRAS17,31564,Ministério da Saúde / IBGE 2022
3508702,350870,Caconde,SP,35143,RIO PARDO,3528,RRAS15,17101,Ministério da Saúde / IBGE 2022
3508801,350880,Cafelândia,SP,35065,LINS,3518,RRAS9,16654,Ministério da Saúde / IBGE 2022
3508900,350890,Caiabu,SP,35112,ALTA SOROCABANA,3532,RRAS11,3712,Ministério da Saúde / IBGE 2022
3509007,350900,Caieiras,SP,35012,FRANCO DA ROCHA,3524,RRAS3,95032,Ministério da Saúde / IBGE 2022
3509106,350910,Caiuá,SP,35114,EXTREMO OESTE PAULISTA,3532,RRAS11,5466,Ministério da Saúde / IBGE 2022
3509205,350920,Cajamar,SP,35012,FRANCO DA ROCHA,3524,RRAS3,92689,Ministério da Saúde / IBGE 2022
3509254,350925,Cajati,SP,35121,VALE DO RIBEIRA,3520,RRAS7,28515,Ministério da Saúde / IBGE 2022
3509304,350930,Cajobi,SP,35051,NORTE - BARRETOS,3530,RRAS13,9133,Ministério da Saúde / IBGE 2022
3509403,350940,Cajuru,SP,35133,VALE DAS CACHOEIRAS,3530,RRAS13,23830,Ministério da Saúde / IBGE 2022
3509452,350945,Campina do Monte Alegre,SP,35161,ITAPETININGA,3519,RRAS8,5954,Ministério da Saúde / IBGE 2022
3509502,350950,Campinas,SP,35072,REGIAO METROPOLITANA DE CAMPINAS,3528,RRAS15,1139047,Ministério da Saúde / IBGE 2022
3509601,350960,Campo Limpo Paulista,SP,35073,JUNDIAI,3527,RRAS16,77632,Ministério da Saúde / IBGE 2022
3509700,350970,Campos do Jordão,SP,35174,VALE DO PARAIBA/REGIAO SERRANA,3526,RRAS17,46974,Ministério da Saúde / IBGE 2022
3509809,350980,Campos Novos Paulista,SP,35093,MARILIA,3533,RRAS10,4888,Ministério da Saúde / IBGE 2022
3509908,350990,Cananéia,SP,35121,VALE DO RIBEIRA,3520,RRAS7,12289,Ministério da Saúde / IBGE 2022
3509957,350995,Canas,SP,35172,CIRCUITO DA FE E VALE HISTORICO,3526,RRAS17,4931,Ministério da Saúde / IBGE 2022
3510005,351000,Cândido Mota,SP,35092,ASSIS,3533,RRAS10,29449,Ministério da Saúde / IBGE 2022
3510104,351010,Cândido Rodrigues,SP,35033,NOROESTE DO DRS III,3535,RRAS18,2889,Ministério da Saúde / IBGE 2022
3510153,351015,Canitar,SP,35094,OURINHOS,3533,RRAS10,6283,Ministério da Saúde / IBGE 2022
3510203,351020,Capão Bonito,SP,35161,ITAPETININGA,3519,RRAS8,46337,Ministério da Saúde / IBGE 2022
3510302,351030,Capela do Alto,SP,35163,SOROCABA,3519,RRAS8,22866,Ministério da Saúde / IBGE 2022
3510401,351040,Capivari,SP,35103,PIRACICABA,3529,RRAS14,50068,Ministério da Saúde / IBGE 2022
3510500,351050,Caraguatatuba,SP,35173,LITORAL NORTE,3526,RRAS17,134873,Ministério da Saúde / IBGE 2022
3510609,351060,Carapicuíba,SP,35014,ROTA DOS BANDEIRANTES,3522,RRAS5,386984,Ministério da Saúde / IBGE 2022
3510708,351070,Cardoso,SP,35157,VOTUPORANGA,3531,RRAS12,11345,Ministério da Saúde / IBGE 2022
3510807,351080,Casa Branca,SP,35143,RIO PARDO,3528,RRAS15,28083,Ministério da Saúde / IBGE 2022
3510906,351090,Cássia dos Coqueiros,SP,35133,VALE DAS CACHOEIRAS,3530,RRAS13,2799,Ministério da Saúde / IBGE 2022
3511003,351100,Castilho,SP,35022,LAGOS DO DRS II,3536,RRAS19,19977,Ministério da Saúde / IBGE 2022
3511102,351110,Catanduva,SP,35151,CATANDUVA,3531,RRAS12,115791,Ministério da Saúde / IBGE 2022
3511201,351120,Catiguá,SP,35151,CATANDUVA,3531,RRAS12,7003,Ministério da Saúde / IBGE 2022
3511300,351130,Cedral,SP,35155,SAO JOSE DO RIO PRETO,3531,RRAS12,12618,Ministério da Saúde / IBGE 2022
3511409,351140,Cerqueira César,SP,35061,VALE DO JURUMIRIM,3518,RRAS9,21469,Ministério da Saúde / IBGE 2022
3511508,351150,Cerquilho,SP,35161,ITAPETININGA,3519,RRAS8,44695,Ministério da Saúde / IBGE 2022
3511607,351160,Cesário Lange,SP,35161,ITAPETININGA,3519,RRAS8,19048,Ministério da Saúde / IBGE 2022
3511706,351170,Charqueada,SP,35103,PIRACICABA,3529,RRAS14,15535,Ministério da Saúde / IBGE 2022
3511904,351190,Clementina,SP,35023,CONSORCIOS DO DRS II,3536,RRAS19,6982,Ministério da Saúde / IBGE 2022
3512001,351200,Colina,SP,35051,NORTE - BARRETOS,3530,RRAS13,18486,Ministério da Saúde / IBGE 2022
3512100,351210,Colômbia,SP,35051,NORTE - BARRETOS,3530,RRAS13,6629,Ministério da Saúde / IBGE 2022
3512209,351220,Conchal,SP,35101,ARARAS,3529,RRAS14,28101,Ministério da Saúde / IBGE 2022
3512308,351230,Conchas,SP,35063,POLO CUESTA,3518,RRAS9,15232,Ministério da Saúde / IBGE 2022
3512407,351240,Cordeirópolis,SP,35102,LIMEIRA,3529,RRAS14,24514,Ministério da Saúde / IBGE 2022
3512506,351250,Coroados,SP,35023,CONSORCIOS DO DRS II,3536,RRAS19,5400,Ministério da Saúde / IBGE 2022
3512605,351260,Coronel Macedo,SP,35061,VALE DO JURUMIRIM,3518,RRAS9,4280,Ministério da Saúde / IBGE 2022
3512704,351270,Corumbataí,SP,35104,RIO CLARO,3529,RRAS14,4195,Ministério da Saúde / IBGE 2022
3512803,351280,Cosmópolis,SP,35072,REGIAO METROPOLITANA DE CAMPINAS,3528,RRAS15,59773,Ministério da Saúde / IBGE 2022
3512902,351290,Cosmorama,SP,35157,VOTUPORANGA,3531,RRAS12,8719,Ministério da Saúde / IBGE 2022
3513009,351300,Cotia,SP,35013,MANANCIAIS,3523,RRAS4,274413,Ministério da Saúde / IBGE 2022
3513108,351310,Cravinhos,SP,35132,AQUIFERO GUARANI,3530,RRAS13,33281,Ministério da Saúde / IBGE 2022
3513207,351320,Cristais Paulista,SP,35081,TRES COLINAS,3530,RRAS13,9272,Ministério da Saúde / IBGE 2022
3513306,351330,Cruzália,SP,35092,ASSIS,3533,RRAS10,2108,Ministério da Saúde / IBGE 2022
3513405,351340,Cruzeiro,SP,35172,CIRCUITO DA FE E VALE HISTORICO,3526,RRAS17,74961,Ministério da Saúde / IBGE 2022
3513504,351350,Cubatão,SP,35041,BAIXADA SANTISTA,3520,RRAS7,112476,Ministério da Saúde / IBGE 2022
3513603,351360,Cunha,SP,35172,CIRCUITO DA FE E VALE HISTORICO,3526,RRAS17,22110,Ministério da Saúde / IBGE 2022
3513702,351370,Descalvado,SP,35032,CORACAO DO DRS III,3535,RRAS18,31756,Ministério da Saúde / IBGE 2022
3513801,351380,Diadema,SP,35015,GRANDE ABC,3534,RRAS1,393237,Ministério da Saúde / IBGE 2022
3513850,351385,Dirce Reis,SP,35153,JALES,3531,RRAS12,1620,Ministério da Saúde / IBGE 2022
3513900,351390,Divinolândia,SP,35143,RIO PARDO,3528,RRAS15,11158,Ministério da Saúde / IBGE 2022
3514007,351400,Dobrada,SP,35033,NOROESTE DO DRS III,3535,RRAS18,8759,Ministério da Saúde / IBGE 2022
3514106,351410,Dois Córregos,SP,35064,JAU,3518,RRAS9,24510,Ministério da Saúde / IBGE 2022
3514205,351420,Dolcinópolis,SP,35153,JALES,3531,RRAS12,2207,Ministério da Saúde / IBGE 2022
3514304,351430,Dourado,SP,35032,CORACAO DO DRS III,3535,RRAS18,8096,Ministério da Saúde / IBGE 2022
3514403,351440,Dracena,SP,35111,ALTA PAULISTA,3532,RRAS11,45474,Ministério da Saúde / IBGE 2022
3514502,351450,Duartina,SP,35062,BAURU,3518,RRAS9,12328,Ministério da Saúde / IBGE 2022
3514601,351460,Dumont,SP,35131,HORIZONTE VERDE,3530,RRAS13,9471,Ministério da Saúde / IBGE 2022
3514700,351470,Echaporã,SP,35093,MARILIA,3533,RRAS10,6205,Ministério da Saúde / IBGE 2022
3514809,351480,Eldorado,SP,35121,VALE DO RIBEIRA,3520,RRAS7,13069,Ministério da Saúde / IBGE 2022
3514908,351490,Elias Fausto,SP,35103,PIRACICABA,3529,RRAS14,17699,Ministério da Saúde / IBGE 2022
3514924,351492,Elisiário,SP,35151,CATANDUVA,3531,RRAS12,3138,Ministério da Saúde / IBGE 2022
3514957,351495,Embaúba,SP,35151,CATANDUVA,3531,RRAS12,2323,Ministério da Saúde / IBGE 2022
3515004,351500,Embu das Artes,SP,35013,MANANCIAIS,3523,RRAS4,250691,Ministério da Saúde / IBGE 2022
3515103,351510,Embu-Guaçu,SP,35013,MANANCIAIS,3523,RRAS4,66970,Ministério da Saúde / IBGE 2022
3515129,351512,Emilianópolis,SP,35112,ALTA SOROCABANA,3532,RRAS11,3014,Ministério da Saúde / IBGE 2022
3515152,351515,Engenheiro Coelho,SP,35102,LIMEIRA,3529,RRAS14,19566,Ministério da Saúde / IBGE 2022
3515186,351518,Espírito Santo do Pinhal,SP,35142,MANTIQUEIRA,3528,RRAS15,39816,Ministério da Saúde / IBGE 2022
3515194,351519,Espírito Santo do Turvo,SP,35094,OURINHOS,3533,RRAS10,4157,Ministério da Saúde / IBGE 2022
3515202,351520,Estrela d'Oeste,SP,35154,FERNANDOPOLIS,3531,RRAS12,9417,Ministério da Saúde / IBGE 2022
3515301,351530,Estrela do Norte,SP,35112,ALTA SOROCABANA,3532,RRAS11,2703,Ministério da Saúde / IBGE 2022
3515350,351535,Euclides da Cunha Paulista,SP,35115,PONTAL DO PARANAPANEMA,3532,RRAS11,7924,Ministério da Saúde / IBGE 2022
3515400,351540,Fartura,SP,35061,VALE DO JURUMIRIM,3518,RRAS9,16641,Ministério da Saúde / IBGE 2022
3515509,351550,Fernandópolis,SP,35154,FERNANDOPOLIS,3531,RRAS12,71186,Ministério da Saúde / IBGE 2022
3515608,351560,Fernando Prestes,SP,35151,CATANDUVA,3531,RRAS12,5942,Ministério da Saúde / IBGE 2022
3515657,351565,Fernão,SP,35093,MARILIA,3533,RRAS10,1656,Ministério da Saúde / IBGE 2022
3515707,351570,Ferraz de Vasconcelos,SP,35011,ALTO DO TIETE,3525,RRAS2,179198,Ministério da Saúde / IBGE 2022
3515806,351580,Flora Rica,SP,35111,ALTA PAULISTA,3532,RRAS11,1487,Ministério da Saúde / IBGE 2022
3515905,351590,Floreal,SP,35157,VOTUPORANGA,3531,RRAS12,2733,Ministério da Saúde / IBGE 2022
3516002,351600,Flórida Paulista,SP,35091,ADAMANTINA,3533,RRAS10,12958,Ministério da Saúde / IBGE 2022
3516101,351610,Florínea,SP,35092,ASSIS,3533,RRAS10,3851,Ministério da Saúde / IBGE 2022
3516200,351620,Franca,SP,35081,TRES COLINAS,3530,RRAS13,352536,Ministério da Saúde / IBGE 2022
3516309,351630,Francisco Morato,SP,35012,FRANCO DA ROCHA,3524,RRAS3,165139,Ministério da Saúde / IBGE 2022
3516408,351640,Franco da Rocha,SP,35012,FRANCO DA ROCHA,3524,RRAS3,144849,Ministério da Saúde / IBGE 2022
3516507,351650,Gabriel Monteiro,SP,35023,CONSORCIOS DO DRS II,3536,RRAS19,2763,Ministério da Saúde / IBGE 2022
3516606,351660,Gália,SP,35093,MARILIA,3533,RRAS10,6380,Ministério da Saúde / IBGE 2022
3516705,351670,Garça,SP,35093,MARILIA,3533,RRAS10,42110,Ministério da Saúde / IBGE 2022
3516804,351680,Gastão Vidigal,SP,35157,VOTUPORANGA,3531,RRAS12,3252,Ministério da Saúde / IBGE 2022
3516853,351685,Gavião Peixoto,SP,35031,CENTRAL DO DRS III,3535,RRAS18,4702,Ministério da Saúde / IBGE 2022
3516903,351690,General Salgado,SP,35157,VOTUPORANGA,3531,RRAS12,10312,Ministério da Saúde / IBGE 2022
3517000,351700,Getulina,SP,35065,LINS,3518,RRAS9,10232,Ministério da Saúde / IBGE 2022
3517109,351710,Glicério,SP,35023,CONSORCIOS DO DRS II,3536,RRAS19,4138,Ministério da Saúde / IBGE 2022
3517208,351720,Guaiçara,SP,35065,LINS,3518,RRAS9,11239,Ministério da Saúde / IBGE 2022
3517307,351730,Guaimbê,SP,35093,MARILIA,3533,RRAS10,5512,Ministério da Saúde / IBGE 2022
3517406,351740,Guaíra,SP,35051,NORTE - BARRETOS,3530,RRAS13,39279,Ministério da Saúde / IBGE 2022
3517505,351750,Guapiaçu,SP,35155,SAO JOSE DO RIO PRETO,3531,RRAS12,21711,Ministério da Saúde / IBGE 2022
3517604,351760,Guapiara,SP,35162,ITAPEVA,3519,RRAS8,17071,Ministério da Saúde / IBGE 2022
3517703,351770,Guará,SP,35083,ALTA MOGIANA,3530,RRAS13,18606,Ministério da Saúde / IBGE 2022
3517802,351780,Guaraçaí,SP,35022,LAGOS DO DRS II,3536,RRAS19,7441,Ministério da Saúde / IBGE 2022
3517901,351790,Guaraci,SP,35051,NORTE - BARRETOS,3530,RRAS13,10350,Ministério da Saúde / IBGE 2022
3518008,351800,Guarani d'Oeste,SP,35154,FERNANDOPOLIS,3531,RRAS12,1968,Ministério da Saúde / IBGE 2022
3518107,351810,Guarantã,SP,35093,MARILIA,3533,RRAS10,6427,Ministério da Saúde / IBGE 2022
3518206,351820,Guararapes,SP,35021,CENTRAL DO DRS II,3536,RRAS19,31043,Ministério da Saúde / IBGE 2022
3518305,351830,Guararema,SP,35011,ALTO DO TIETE,3525,RRAS2,31236,Ministério da Saúde / IBGE 2022
3518404,351840,Guaratinguetá,SP,35172,CIRCUITO DA FE E VALE HISTORICO,3526,RRAS17,118044,Ministério da Saúde / IBGE 2022
3518503,351850,Guareí,SP,35161,ITAPETININGA,3519,RRAS8,15013,Ministério da Saúde / IBGE 2022
3518602,351860,Guariba,SP,35131,HORIZONTE VERDE,3530,RRAS13,37498,Ministério da Saúde / IBGE 2022
3518701,351870,Guarujá,SP,35041,BAIXADA SANTISTA,3520,RRAS7,287634,Ministério da Saúde / IBGE 2022
3518800,351880,Guarulhos,SP,35011,ALTO DO TIETE,3525,RRAS2,1291771,Ministério da Saúde / IBGE 2022
3518859,351885,Guatapará,SP,35132,AQUIFERO GUARANI,3530,RRAS13,7320,Ministério da Saúde / IBGE 2022
3518909,351890,Guzolândia,SP,35021,CENTRAL DO DRS II,3536,RRAS19,4246,Ministério da Saúde / IBGE 2022
3519006,351900,Herculândia,SP,35095,TUPA,3533,RRAS10,9125,Ministério da Saúde / IBGE 2022
3519055,351905,Holambra,SP,35072,REGIAO METROPOLITANA DE CAMPINAS,3528,RRAS15,15094,Ministério da Saúde / IBGE 2022
3519071,351907,Hortolândia,SP,35072,REGIAO METROPOLITANA DE CAMPINAS,3528,RRAS15,236641,Ministério da Saúde / IBGE 2022
3519105,351910,Iacanga,SP,35062,BAURU,3518,RRAS9,10437,Ministério da Saúde / IBGE 2022
3519204,351920,Iacri,SP,35095,TUPA,3533,RRAS10,6131,Ministério da Saúde / IBGE 2022
3519253,351925,Iaras,SP,35061,VALE DO JURUMIRIM,3518,RRAS9,8010,Ministério da Saúde / IBGE 2022
3519303,351930,Ibaté,SP,35032,CORACAO DO DRS III,3535,RRAS18,32178,Ministério da Saúde / IBGE 2022
3519402,351940,Ibirá,SP,35155,SAO JOSE DO RIO PRETO,3531,RRAS12,11690,Ministério da Saúde / IBGE 2022
3519501,351950,Ibirarema,SP,35094,OURINHOS,3533,RRAS10,6385,Ministério da Saúde / IBGE 2022
3519600,351960,Ibitinga,SP,35033,NOROESTE DO DRS III,3535,RRAS18,60033,Ministério da Saúde / IBGE 2022
3519709,351970,Ibiúna,SP,35163,SOROCABA,3519,RRAS8,75605,Ministério da Saúde / IBGE 2022
3519808,351980,Icém,SP,35155,SAO JOSE DO RIO PRETO,3531,RRAS12,7819,Ministério da Saúde / IBGE 2022
3519907,351990,Iepê,SP,35113,ALTO CAPIVARI,3532,RRAS11,7619,Ministério da Saúde / IBGE 2022
3520004,352000,Igaraçu do Tietê,SP,35064,JAU,3518,RRAS9,23106,Ministério da Saúde / IBGE 2022
3520103,352010,Igarapava,SP,35083,ALTA MOGIANA,3530,RRAS13,26212,Ministério da Saúde / IBGE 2022
3520202,352020,Igaratá,SP,35171,ALTO VALE DO PARAIBA,3526,RRAS17,10605,Ministério da Saúde / IBGE 2022
3520301,352030,Iguape,SP,35121,VALE DO RIBEIRA,3520,RRAS7,29115,Ministério da Saúde / IBGE 2022
3520400,352040,Ilhabela,SP,35173,LITORAL NORTE,3526,RRAS17,34934,Ministério da Saúde / IBGE 2022
3520426,352042,Ilha Comprida,SP,35121,VALE DO RIBEIRA,3520,RRAS7,13419,Ministério da Saúde / IBGE 2022
3520442,352044,Ilha Solteira,SP,35022,LAGOS DO DRS II,3536,RRAS19,25549,Ministério da Saúde / IBGE 2022
3520509,352050,Indaiatuba,SP,35072,REGIAO METROPOLITANA DE CAMPINAS,3528,RRAS15,255748,Ministério da Saúde / IBGE 2022
3520608,352060,Indiana,SP,35112,ALTA SOROCABANA,3532,RRAS11,5090,Ministério da Saúde / IBGE 2022
3520707,352070,Indiaporã,SP,35154,FERNANDOPOLIS,3531,RRAS12,4035,Ministério da Saúde / IBGE 2022
3520806,352080,Inúbia Paulista,SP,35091,ADAMANTINA,3533,RRAS10,3615,Ministério da Saúde / IBGE 2022
3520905,352090,Ipaussu,SP,35094,OURINHOS,3533,RRAS10,13712,Ministério da Saúde / IBGE 2022
3521002,352100,Iperó,SP,35163,SOROCABA,3519,RRAS8,36459,Ministério da Saúde / IBGE 2022
3521101,352110,Ipeúna,SP,35104,RIO CLARO,3529,RRAS14,6831,Ministério da Saúde / IBGE 2022
3521150,352115,Ipiguá,SP,35155,SAO JOSE DO RIO PRETO,3531,RRAS12,6761,Ministério da Saúde / IBGE 2022
3521200,352120,Iporanga,SP,35121,VALE DO RIBEIRA,3520,RRAS7,4046,Ministério da Saúde / IBGE 2022
3521309,352130,Ipuã,SP,35082,ALTA ANHANGUERA,3530,RRAS13,14454,Ministério da Saúde / IBGE 2022
3521408,352140,Iracemápolis,SP,35102,LIMEIRA,3529,RRAS14,21967,Ministério da Saúde / IBGE 2022
3521507,352150,Irapuã,SP,35151,CATANDUVA,3531,RRAS12,6867,Ministério da Saúde / IBGE 2022
3521606,352160,Irapuru,SP,35111,ALTA PAULISTA,3532,RRAS11,7085,Ministério da Saúde / IBGE 2022
3521705,352170,Itaberá,SP,35162,ITAPEVA,3519,RRAS8,17983,Ministério da Saúde / IBGE 2022
3521804,352180,Itaí,SP,35061,VALE DO JURUMIRIM,3518,RRAS9,25180,Ministério da Saúde / IBGE 2022
3521903,352190,Itajobi,SP,35151,CATANDUVA,3531,RRAS12,16989,Ministério da Saúde / IBGE 2022
3522000,352200,Itaju,SP,35064,JAU,3518,RRAS9,3618,Ministério da Saúde / IBGE 2022
3522109,352210,Itanhaém,SP,35041,BAIXADA SANTISTA,3520,RRAS7,112476,Ministério da Saúde / IBGE 2022
3522158,352215,Itaoca,SP,35162,ITAPEVA,3519,RRAS8,3422,Ministério da Saúde / IBGE 2022
3522208,352220,Itapecerica da Serra,SP,35013,MANANCIAIS,3523,RRAS4,158522,Ministério da Saúde / IBGE 2022
3522307,352230,Itapetininga,SP,35161,ITAPETININGA,3519,RRAS8,157790,Ministério da Saúde / IBGE 2022
3522406,352240,Itapeva,SP,35162,ITAPEVA,3519,RRAS8,89728,Ministério da Saúde / IBGE 2022
3522505,352250,Itapevi,SP,35014,ROTA DOS BANDEIRANTES,3522,RRAS5,232297,Ministério da Saúde / IBGE 2022
3522604,352260,Itapira,SP,35141,BAIXA MOGIANA,3528,RRAS15,72022,Ministério da Saúde / IBGE 2022
3522653,352265,Itapirapuã Paulista,SP,35162,ITAPEVA,3519,RRAS8,4306,Ministério da Saúde / IBGE 2022
3522703,352270,Itápolis,SP,35033,NOROESTE DO DRS III,3535,RRAS18,39493,Ministério da Saúde / IBGE 2022
3522802,352280,Itaporanga,SP,35061,VALE DO JURUMIRIM,3518,RRAS9,14085,Ministério da Saúde / IBGE 2022
3522901,352290,Itapuí,SP,35064,JAU,3518,RRAS9,13659,Ministério da Saúde / IBGE 2022
3523008,352300,Itapura,SP,35022,LAGOS DO DRS II,3536,RRAS19,3979,Ministério da Saúde / IBGE 2022
3523107,352310,Itaquaquecetuba,SP,35011,ALTO DO TIETE,3525,RRAS2,369275,Ministério da Saúde / IBGE 2022
3523206,352320,Itararé,SP,35162,ITAPEVA,3519,RRAS8,44438,Ministério da Saúde / IBGE 2022
3523305,352330,Itariri,SP,35121,VALE DO RIBEIRA,3520,RRAS7,15528,Ministério da Saúde / IBGE 2022
3523404,352340,Itatiba,SP,35072,REGIAO METROPOLITANA DE CAMPINAS,3528,RRAS15,121590,Ministério da Saúde / IBGE 2022
3523503,352350,Itatinga,SP,35063,POLO CUESTA,3518,RRAS9,19070,Ministério da Saúde / IBGE 2022
3523602,352360,Itirapina,SP,35104,RIO CLARO,3529,RRAS14,16148,Ministério da Saúde / IBGE 2022
3523701,352370,Itirapuã,SP,35081,TRES COLINAS,3530,RRAS13,5779,Ministério da Saúde / IBGE 2022
3523800,352380,Itobi,SP,35143,RIO PARDO,3528,RRAS15,8046,Ministério da Saúde / IBGE 2022
3523909,352390,Itu,SP,35163,SOROCABA,3519,RRAS8,168240,Ministério da Saúde / IBGE 2022
3524006,352400,Itupeva,SP,35073,JUNDIAI,3527,RRAS16,70616,Ministério da Saúde / IBGE 2022
3524105,352410,Ituverava,SP,35083,ALTA MOGIANA,3530,RRAS13,37571,Ministério da Saúde / IBGE 2022
3524204,352420,Jaborandi,SP,35051,NORTE - BARRETOS,3530,RRAS13,6221,Ministério da Saúde / IBGE 2022
3524303,352430,Jaboticabal,SP,35131,HORIZONTE VERDE,3530,RRAS13,71821,Ministério da Saúde / IBGE 2022
3524402,352440,Jacareí,SP,35171,ALTO VALE DO PARAIBA,3526,RRAS17,240275,Ministério da Saúde / IBGE 2022
3524501,352450,Jaci,SP,35156,JOSE BONIFACIO,3531,RRAS12,7613,Ministério da Saúde / IBGE 2022
3524600,352460,Jacupiranga,SP,35121,VALE DO RIBEIRA,3520,RRAS7,16097,Ministério da Saúde / IBGE 2022
3524709,352470,Jaguariúna,SP,35072,REGIAO METROPOLITANA DE CAMPINAS,3528,RRAS15,59347,Ministério da Saúde / IBGE 2022
3524808,352480,Jales,SP,35153,JALES,3531,RRAS12,48776,Ministério da Saúde / IBGE 2022
3524907,352490,Jambeiro,SP,35171,ALTO VALE DO PARAIBA,3526,RRAS17,6397,Ministério da Saúde / IBGE 2022
3525003,352500,Jandira,SP,35014,ROTA DOS BANDEIRANTES,3522,RRAS5,118045,Ministério da Saúde / IBGE 2022
3525102,352510,Jardinópolis,SP,35132,AQUIFERO GUARANI,3530,RRAS13,45282,Ministério da Saúde / IBGE 2022
3525201,352520,Jarinu,SP,35073,JUNDIAI,3527,RRAS16,37535,Ministério da Saúde / IBGE 2022
3525300,352530,Jaú,SP,35064,JAU,3518,RRAS9,133497,Ministério da Saúde / IBGE 2022
3525409,352540,Jeriquara,SP,35081,TRES COLINAS,3530,RRAS13,3863,Ministério da Saúde / IBGE 2022
3525508,352550,Joanópolis,SP,35071,BRAGANCA,3527,RRAS16,12815,Ministério da Saúde / IBGE 2022
3525607,352560,João Ramalho,SP,35113,ALTO CAPIVARI,3532,RRAS11,4371,Ministério da Saúde / IBGE 2022
3525706,352570,José Bonifácio,SP,35156,JOSE BONIFACIO,3531,RRAS12,36633,Ministério da Saúde / IBGE 2022
3525805,352580,Júlio Mesquita,SP,35093,MARILIA,3533,RRAS10,4254,Ministério da Saúde / IBGE 2022
3525854,352585,Jumirim,SP,35163,SOROCABA,3519,RRAS8,3056,Ministério da Saúde / IBGE 2022
3525904,352590,Jundiaí,SP,35073,JUNDIAI,3527,RRAS16,443221,Ministério da Saúde / IBGE 2022
3526001,352600,Junqueirópolis,SP,35111,ALTA PAULISTA,3532,RRAS11,20448,Ministério da Saúde / IBGE 2022
3526100,352610,Juquiá,SP,35121,VALE DO RIBEIRA,3520,RRAS7,17154,Ministério da Saúde / IBGE 2022
3526209,352620,Juquitiba,SP,35013,MANANCIAIS,3523,RRAS4,27404,Ministério da Saúde / IBGE 2022
3526308,352630,Lagoinha,SP,35174,VALE DO PARAIBA/REGIAO SERRANA,3526,RRAS17,5083,Ministério da Saúde / IBGE 2022
3526407,352640,Laranjal Paulista,SP,35063,POLO CUESTA,3518,RRAS9,26261,Ministério da Saúde / IBGE 2022
3526506,352650,Lavínia,SP,35022,LAGOS DO DRS II,3536,RRAS19,9689,Ministério da Saúde / IBGE 2022
3526605,352660,Lavrinhas,SP,35172,CIRCUITO DA FE E VALE HISTORICO,3526,RRAS17,7171,Ministério da Saúde / IBGE 2022
3526704,352670,Leme,SP,35101,ARARAS,3529,RRAS14,98161,Ministério da Saúde / IBGE 2022
3526803,352680,Lençóis Paulista,SP,35062,BAURU,3518,RRAS9,66505,Ministério da Saúde / IBGE 2022
3526902,352690,Limeira,SP,35102,LIMEIRA,3529,RRAS14,291869,Ministério da Saúde / IBGE 2022
3527009,352700,Lindóia,SP,35074,CIRCUITO DAS AGUAS,3528,RRAS15,7014,Ministério da Saúde / IBGE 2022
3527108,352710,Lins,SP,35065,LINS,3518,RRAS9,74779,Ministério da Saúde / IBGE 2022
3527207,352720,Lorena,SP,35172,CIRCUITO DA FE E VALE HISTORICO,3526,RRAS17,84855,Ministério da Saúde / IBGE 2022
3527256,352725,Lourdes,SP,35023,CONSORCIOS DO DRS II,3536,RRAS19,1950,Ministério da Saúde / IBGE 2022
3527306,352730,Louveira,SP,35073,JUNDIAI,3527,RRAS16,51847,Ministério da Saúde / IBGE 2022
3527405,352740,Lucélia,SP,35091,ADAMANTINA,3533,RRAS10,20061,Ministério da Saúde / IBGE 2022
3527504,352750,Lucianópolis,SP,35062,BAURU,3518,RRAS9,2372,Ministério da Saúde / IBGE 2022
3527603,352760,Luís Antônio,SP,35132,AQUIFERO GUARANI,3530,RRAS13,12265,Ministério da Saúde / IBGE 2022
3527702,352770,Luiziânia,SP,35023,CONSORCIOS DO DRS II,3536,RRAS19,4701,Ministério da Saúde / IBGE 2022
3527801,352780,Lupércio,SP,35093,MARILIA,3533,RRAS10,3981,Ministério da Saúde / IBGE 2022
3527900,352790,Lutécia,SP,35092,ASSIS,3533,RRAS10,2661,Ministério da Saúde / IBGE 2022
3528007,352800,Macatuba,SP,35062,BAURU,3518,RRAS9,16829,Ministério da Saúde / IBGE 2022
3528106,352810,Macaubal,SP,35157,VOTUPORANGA,3531,RRAS12,7481,Ministério da Saúde / IBGE 2022
3528205,352820,Macedônia,SP,35154,FERNANDOPOLIS,3531,RRAS12,3963,Ministério da Saúde / IBGE 2022
3528304,352830,Magda,SP,35157,VOTUPORANGA,3531,RRAS12,3165,Ministério da Saúde / IBGE 2022
3528403,352840,Mairinque,SP,35163,SOROCABA,3519,RRAS8,50027,Ministério da Saúde / IBGE 2022
3528502,352850,Mairiporã,SP,35012,FRANCO DA ROCHA,3524,RRAS3,93853,Ministério da Saúde / IBGE 2022
3528601,352860,Manduri,SP,35061,VALE DO JURUMIRIM,3518,RRAS9,9871,Ministério da Saúde / IBGE 2022
3528700,352870,Marabá Paulista,SP,35114,EXTREMO OESTE PAULISTA,3532,RRAS11,4573,Ministério da Saúde / IBGE 2022
3528809,352880,Maracaí,SP,35092,ASSIS,3533,RRAS10,12673,Ministério da Saúde / IBGE 2022
3528858,352885,Marapoama,SP,35151,CATANDUVA,3531,RRAS12,3292,Ministério da Saúde / IBGE 2022
3528908,352890,Mariápolis,SP,35091,ADAMANTINA,3533,RRAS10,3513,Ministério da Saúde / IBGE 2022
3529005,352900,Marília,SP,35093,MARILIA,3533,RRAS10,237627,Ministério da Saúde / IBGE 2022
3529104,352910,Marinópolis,SP,35153,JALES,3531,RRAS12,1860,Ministério da Saúde / IBGE 2022
3529203,352920,Martinópolis,SP,35112,ALTA SOROCABANA,3532,RRAS11,24881,Ministério da Saúde / IBGE 2022
3529302,352930,Matão,SP,35033,NOROESTE DO DRS III,3535,RRAS18,79033,Ministério da Saúde / IBGE 2022
3529401,352940,Mauá,SP,35015,GRANDE ABC,3534,RRAS1,418261,Ministério da Saúde / IBGE 2022
3529500,352950,Mendonça,SP,35156,JOSE BONIFACIO,3531,RRAS12,6159,Ministério da Saúde / IBGE 2022
3529609,352960,Meridiano,SP,35154,FERNANDOPOLIS,3531,RRAS12,4572,Ministério da Saúde / IBGE 2022
3529658,352965,Mesópolis,SP,35153,JALES,3531,RRAS12,1952,Ministério da Saúde / IBGE 2022
3529708,352970,Miguelópolis,SP,35083,ALTA MOGIANA,3530,RRAS13,19441,Ministério da Saúde / IBGE 2022
3529807,352980,Mineiros do Tietê,SP,35064,JAU,3518,RRAS9,11230,Ministério da Saúde / IBGE 2022
3529906,352990,Miracatu,SP,35121,VALE DO RIBEIRA,3520,RRAS7,18553,Ministério da Saúde / IBGE 2022
3530003,353000,Mira Estrela,SP,35154,FERNANDOPOLIS,3531,RRAS12,3126,Ministério da Saúde / IBGE 2022
3530102,353010,Mirandópolis,SP,35022,LAGOS DO DRS II,3536,RRAS19,27983,Ministério da Saúde / IBGE 2022
3530201,353020,Mirante do Paranapanema,SP,35115,PONTAL DO PARANAPANEMA,3532,RRAS11,15917,Ministério da Saúde / IBGE 2022
3530300,353030,Mirassol,SP,35155,SAO JOSE DO RIO PRETO,3531,RRAS12,63337,Ministério da Saúde / IBGE 2022
3530409,353040,Mirassolândia,SP,35155,SAO JOSE DO RIO PRETO,3531,RRAS12,4669,Ministério da Saúde / IBGE 2022
3530508,353050,Mococa,SP,35143,RIO PARDO,3528,RRAS15,67681,Ministério da Saúde / IBGE 2022
3530607,353060,Mogi das Cruzes,SP,35011,ALTO DO TIETE,3525,RRAS2,451505,Ministério da Saúde / IBGE 2022
3530706,353070,Mogi Guaçu,SP,35141,BAIXA MOGIANA,3528,RRAS15,153658,Ministério da Saúde / IBGE 2022
3530805,353080,Mogi Mirim,SP,35141,BAIXA MOGIANA,3528,RRAS15,92558,Ministério da Saúde / IBGE 2022
3530904,353090,Mombuca,SP,35103,PIRACICABA,3529,RRAS14,3722,Ministério da Saúde / IBGE 2022
3531001,353100,Monções,SP,35157,VOTUPORANGA,3531,RRAS12,1937,Ministério da Saúde / IBGE 2022
3531100,353110,Mongaguá,SP,35041,BAIXADA SANTISTA,3520,RRAS7,61951,Ministério da Saúde / IBGE 2022
3531209,353120,Monte Alegre do Sul,SP,35074,CIRCUITO DAS AGUAS,3528,RRAS15,8627,Ministério da Saúde / IBGE 2022
3531308,353130,Monte Alto,SP,35131,HORIZONTE VERDE,3530,RRAS13,47574,Ministério da Saúde / IBGE 2022
3531407,353140,Monte Aprazível,SP,35156,JOSE BONIFACIO,3531,RRAS12,22280,Ministério da Saúde / IBGE 2022
3531506,353150,Monte Azul Paulista,SP,35052,SUL - BARRETOS,3530,RRAS13,18151,Ministério da Saúde / IBGE 2022
3531605,353160,Monte Castelo,SP,35111,ALTA PAULISTA,3532,RRAS11,4222,Ministério da Saúde / IBGE 2022
3531704,353170,Monteiro Lobato,SP,35171,ALTO VALE DO PARAIBA,3526,RRAS17,4138,Ministério da Saúde / IBGE 2022
3531803,353180,Monte Mor,SP,35072,REGIAO METROPOLITANA DE CAMPINAS,3528,RRAS15,64662,Ministério da Saúde / IBGE 2022
3531902,353190,Morro Agudo,SP,35082,ALTA ANHANGUERA,3530,RRAS13,27933,Ministério da Saúde / IBGE 2022
3532009,353200,Morungaba,SP,35072,REGIAO METROPOLITANA DE CAMPINAS,3528,RRAS15,13720,Ministério da Saúde / IBGE 2022
3532058,353205,Motuca,SP,35031,CENTRAL DO DRS III,3535,RRAS18,4034,Ministério da Saúde / IBGE 2022
3532108,353210,Murutinga do Sul,SP,35022,LAGOS DO DRS II,3536,RRAS19,3737,Ministério da Saúde / IBGE 2022
3532157,353215,Nantes,SP,35113,ALTO CAPIVARI,3532,RRAS11,2660,Ministério da Saúde / IBGE 2022
3532207,353220,Narandiba,SP,35112,ALTA SOROCABANA,3532,RRAS11,5713,Ministério da Saúde / IBGE 2022
3532306,353230,Natividade da Serra,SP,35174,VALE DO PARAIBA/REGIAO SERRANA,3526,RRAS17,6999,Ministério da Saúde / IBGE 2022
3532405,353240,Nazaré Paulista,SP,35071,BRAGANCA,3527,RRAS16,18217,Ministério da Saúde / IBGE 2022
3532504,353250,Neves Paulista,SP,35155,SAO JOSE DO RIO PRETO,3531,RRAS12,9699,Ministério da Saúde / IBGE 2022
3532603,353260,Nhandeara,SP,35157,VOTUPORANGA,3531,RRAS12,9852,Ministério da Saúde / IBGE 2022
3532702,353270,Nipoã,SP,35156,JOSE BONIFACIO,3531,RRAS12,4750,Ministério da Saúde / IBGE 2022
3532801,353280,Nova Aliança,SP,35155,SAO JOSE DO RIO PRETO,3531,RRAS12,6693,Ministério da Saúde / IBGE 2022
3532827,353282,Nova Campina,SP,35162,ITAPEVA,3519,RRAS8,8497,Ministério da Saúde / IBGE 2022
3532843,353284,Nova Canaã Paulista,SP,35152,SANTA FE DO SUL,3531,RRAS12,2032,Ministério da Saúde / IBGE 2022
3532868,353286,Nova Castilho,SP,35021,CENTRAL DO DRS II,3536,RRAS19,1062,Ministério da Saúde / IBGE 2022
3532900,353290,Nova Europa,SP,35033,NOROESTE DO DRS III,3535,RRAS18,9311,Ministério da Saúde / IBGE 2022
3533007,353300,Nova Granada,SP,35155,SAO JOSE DO RIO PRETO,3531,RRAS12,19419,Ministério da Saúde / IBGE 2022
3533106,353310,Nova Guataporanga,SP,35111,ALTA PAULISTA,3532,RRAS11,2156,Ministério da Saúde / IBGE 2022
3533205,353320,Nova Independência,SP,35022,LAGOS DO DRS II,3536,RRAS19,4609,Ministério da Saúde / IBGE 2022
3533254,353325,Novais,SP,35151,CATANDUVA,3531,RRAS12,4412,Ministério da Saúde / IBGE 2022
3533304,353330,Nova Luzitânia,SP,35021,CENTRAL DO DRS II,3536,RRAS19,2837,Ministério da Saúde / IBGE 2022
3533403,353340,Nova Odessa,SP,35072,REGIAO METROPOLITANA DE CAMPINAS,3528,RRAS15,62019,Ministério da Saúde / IBGE 2022
3533502,353350,Novo Horizonte,SP,35151,CATANDUVA,3531,RRAS12,38324,Ministério da Saúde / IBGE 2022
3533601,353360,Nuporanga,SP,35082,ALTA ANHANGUERA,3530,RRAS13,7391,Ministério da Saúde / IBGE 2022
3533700,353370,Ocauçu,SP,35093,MARILIA,3533,RRAS10,4331,Ministério da Saúde / IBGE 2022
3533809,353380,Óleo,SP,35094,OURINHOS,3533,RRAS10,2512,Ministério da Saúde / IBGE 2022
3533908,353390,Olímpia,SP,35051,NORTE - BARRETOS,3530,RRAS13,55074,Ministério da Saúde / IBGE 2022
3534005,353400,Onda Verde,SP,35155,SAO JOSE DO RIO PRETO,3531,RRAS12,4771,Ministério da Saúde / IBGE 2022
3534104,353410,Oriente,SP,35093,MARILIA,3533,RRAS10,6085,Ministério da Saúde / IBGE 2022
3534203,353420,Orindiúva,SP,35155,SAO JOSE DO RIO PRETO,3531,RRAS12,6024,Ministério da Saúde / IBGE 2022
3534302,353430,Orlândia,SP,35082,ALTA ANHANGUERA,3530,RRAS13,38319,Ministério da Saúde / IBGE 2022
3534401,353440,Osasco,SP,35014,ROTA DOS BANDEIRANTES,3522,RRAS5,728615,Ministério da Saúde / IBGE 2022
3534500,353450,Oscar Bressane,SP,35093,MARILIA,3533,RRAS10,2470,Ministério da Saúde / IBGE 2022
3534609,353460,Osvaldo Cruz,SP,35091,ADAMANTINA,3533,RRAS10,31272,Ministério da Saúde / IBGE 2022
3534708,353470,Ourinhos,SP,35094,OURINHOS,3533,RRAS10,103970,Ministério da Saúde / IBGE 2022
3534757,353475,Ouroeste,SP,35154,FERNANDOPOLIS,3531,RRAS12,10294,Ministério da Saúde / IBGE 2022
3534807,353480,Ouro Verde,SP,35111,ALTA PAULISTA,3532,RRAS11,7779,Ministério da Saúde / IBGE 2022
3534906,353490,Pacaembu,SP,35091,ADAMANTINA,3533,RRAS10,14877,Ministério da Saúde / IBGE 2022
3535002,353500,Palestina,SP,35155,SAO JOSE DO RIO PRETO,3531,RRAS12,11476,Ministério da Saúde / IBGE 2022
3535101,353510,Palmares Paulista,SP,35151,CATANDUVA,3531,RRAS12,9650,Ministério da Saúde / IBGE 2022
3535200,353520,Palmeira d'Oeste,SP,35153,JALES,3531,RRAS12,8903,Ministério da Saúde / IBGE 2022
3535309,353530,Palmital,SP,35092,ASSIS,3533,RRAS10,19594,Ministério da Saúde / IBGE 2022
3535408,353540,Panorama,SP,35111,ALTA PAULISTA,3532,RRAS11,14964,Ministério da Saúde / IBGE 2022
3535507,353550,Paraguaçu Paulista,SP,35092,ASSIS,3533,RRAS10,41120,Ministério da Saúde / IBGE 2022
3535606,353560,Paraibuna,SP,35171,ALTO VALE DO PARAIBA,3526,RRAS17,17667,Ministério da Saúde / IBGE 2022
3535705,353570,Paraíso,SP,35151,CATANDUVA,3531,RRAS12,6099,Ministério da Saúde / IBGE 2022
3535804,353580,Paranapanema,SP,35061,VALE DO JURUMIRIM,3518,RRAS9,19395,Ministério da Saúde / IBGE 2022
3535903,353590,Paranapuã,SP,35153,JALES,3531,RRAS12,4031,Ministério da Saúde / IBGE 2022
3536000,353600,Parapuã,SP,35095,TUPA,3533,RRAS10,10580,Ministério da Saúde / IBGE 2022
3536109,353610,Pardinho,SP,35063,POLO CUESTA,3518,RRAS9,7153,Ministério da Saúde / IBGE 2022
3536208,353620,Pariquera-Açu,SP,35121,VALE DO RIBEIRA,3520,RRAS7,19233,Ministério da Saúde / IBGE 2022
3536257,353625,Parisi,SP,35157,VOTUPORANGA,3531,RRAS12,2892,Ministério da Saúde / IBGE 2022
3536307,353630,Patrocínio Paulista,SP,35081,TRES COLINAS,3530,RRAS13,14512,Ministério da Saúde / IBGE 2022
3536406,353640,Paulicéia,SP,35111,ALTA PAULISTA,3532,RRAS11,7955,Ministério da Saúde / IBGE 2022
3536505,353650,Paulínia,SP,35072,REGIAO METROPOLITANA DE CAMPINAS,3528,RRAS15,110537,Ministério da Saúde / IBGE 2022
3536570,353657,Paulistânia,SP,35062,BAURU,3518,RRAS9,2090,Ministério da Saúde / IBGE 2022
3536604,353660,Paulo de Faria,SP,35155,SAO JOSE DO RIO PRETO,3531,RRAS12,7400,Ministério da Saúde / IBGE 2022
3536703,353670,Pederneiras,SP,35062,BAURU,3518,RRAS9,44827,Ministério da Saúde / IBGE 2022
3536802,353680,Pedra Bela,SP,35071,BRAGANCA,3527,RRAS16,6557,Ministério da Saúde / IBGE 2022
3536901,353690,Pedranópolis,SP,35154,FERNANDOPOLIS,3531,RRAS12,2787,Ministério da Saúde / IBGE 2022
3537008,353700,Pedregulho,SP,35081,TRES COLINAS,3530,RRAS13,15525,Ministério da Saúde / IBGE 2022
3537107,353710,Pedreira,SP,35072,REGIAO METROPOLITANA DE CAMPINAS,3528,RRAS15,43112,Ministério da Saúde / IBGE 2022
3537156,353715,Pedrinhas Paulista,SP,35092,ASSIS,3533,RRAS10,2804,Ministério da Saúde / IBGE 2022
3537206,353720,Pedro de Toledo,SP,35121,VALE DO RIBEIRA,3520,RRAS7,11281,Ministério da Saúde / IBGE 2022
3537305,353730,Penápolis,SP,35023,CONSORCIOS DO DRS II,3536,RRAS19,61679,Ministério da Saúde / IBGE 2022
3537404,353740,Pereira Barreto,SP,35022,LAGOS DO DRS II,3536,RRAS19,24095,Ministério da Saúde / IBGE 2022
3537503,353750,Pereiras,SP,35063,POLO CUESTA,3518,RRAS9,8737,Ministério da Saúde / IBGE 2022
3537602,353760,Peruíbe,SP,35041,BAIXADA SANTISTA,3520,RRAS7,68352,Ministério da Saúde / IBGE 2022
3537701,353770,Piacatu,SP,35023,CONSORCIOS DO DRS II,3536,RRAS19,5519,Ministério da Saúde / IBGE 2022
3537800,353780,Piedade,SP,35163,SOROCABA,3519,RRAS8,52970,Ministério da Saúde / IBGE 2022
3537909,353790,Pilar do Sul,SP,35163,SOROCABA,3519,RRAS8,27619,Ministério da Saúde / IBGE 2022
3538006,353800,Pindamonhangaba,SP,35174,VALE DO PARAIBA/REGIAO SERRANA,3526,RRAS17,165428,Ministério da Saúde / IBGE 2022
3538105,353810,Pindorama,SP,35151,CATANDUVA,3531,RRAS12,14542,Ministério da Saúde / IBGE 2022
3538204,353820,Pinhalzinho,SP,35071,BRAGANCA,3527,RRAS16,15224,Ministério da Saúde / IBGE 2022
3538303,353830,Piquerobi,SP,35114,EXTREMO OESTE PAULISTA,3532,RRAS11,3264,Ministério da Saúde / IBGE 2022
3538501,353850,Piquete,SP,35172,CIRCUITO DA FE E VALE HISTORICO,3526,RRAS17,12490,Ministério da Saúde / IBGE 2022
3538600,353860,Piracaia,SP,35071,BRAGANCA,3527,RRAS16,26029,Ministério da Saúde / IBGE 2022
3538709,353870,Piracicaba,SP,35103,PIRACICABA,3529,RRAS14,423323,Ministério da Saúde / IBGE 2022
3538808,353880,Piraju,SP,35061,VALE DO JURUMIRIM,3518,RRAS9,29436,Ministério da Saúde / IBGE 2022
3538907,353890,Pirajuí,SP,35062,BAURU,3518,RRAS9,22431,Ministério da Saúde / IBGE 2022
3539004,353900,Pirangi,SP,35151,CATANDUVA,3531,RRAS12,10885,Ministério da Saúde / IBGE 2022
3539103,353910,Pirapora do Bom Jesus,SP,35014,ROTA DOS BANDEIRANTES,3522,RRAS5,18370,Ministério da Saúde / IBGE 2022
3539202,353920,Pirapozinho,SP,35112,ALTA SOROCABANA,3532,RRAS11,25348,Ministério da Saúde / IBGE 2022
3539301,353930,Pirassununga,SP,35101,ARARAS,3529,RRAS14,73545,Ministério da Saúde / IBGE 2022
3539400,353940,Piratininga,SP,35062,BAURU,3518,RRAS9,15108,Ministério da Saúde / IBGE 2022
3539509,353950,Pitangueiras,SP,35131,HORIZONTE VERDE,3530,RRAS13,33674,Ministério da Saúde / IBGE 2022
3539608,353960,Planalto,SP,35156,JOSE BONIFACIO,3531,RRAS12,4389,Ministério da Saúde / IBGE 2022
3539707,353970,Platina,SP,35092,ASSIS,3533,RRAS10,3025,Ministério da Saúde / IBGE 2022
3539806,353980,Poá,SP,35011,ALTO DO TIETE,3525,RRAS2,103765,Ministério da Saúde / IBGE 2022
3539905,353990,Poloni,SP,35156,JOSE BONIFACIO,3531,RRAS12,5592,Ministério da Saúde / IBGE 2022
3540002,354000,Pompéia,SP,35093,MARILIA,3533,RRAS10,20196,Ministério da Saúde / IBGE 2022
3540101,354010,Pongaí,SP,35065,LINS,3518,RRAS9,3395,Ministério da Saúde / IBGE 2022
3540200,354020,Pontal,SP,35131,HORIZONTE VERDE,3530,RRAS13,37607,Ministério da Saúde / IBGE 2022
3540259,354025,Pontalinda,SP,35153,JALES,3531,RRAS12,4127,Ministério da Saúde / IBGE 2022
3540309,354030,Pontes Gestal,SP,35157,VOTUPORANGA,3531,RRAS12,2387,Ministério da Saúde / IBGE 2022
3540408,354040,Populina,SP,35154,FERNANDOPOLIS,3531,RRAS12,4127,Ministério da Saúde / IBGE 2022
3540507,354050,Porangaba,SP,35063,POLO CUESTA,3518,RRAS9,10451,Ministério da Saúde / IBGE 2022
3540606,354060,Porto Feliz,SP,35163,SOROCABA,3519,RRAS8,56497,Ministério da Saúde / IBGE 2022
3540705,354070,Porto Ferreira,SP,35032,CORACAO DO DRS III,3535,RRAS18,52649,Ministério da Saúde / IBGE 2022
3540754,354075,Potim,SP,35172,CIRCUITO DA FE E VALE HISTORICO,3526,RRAS17,20392,Ministério da Saúde / IBGE 2022
3540804,354080,Potirendaba,SP,35155,SAO JOSE DO RIO PRETO,3531,RRAS12,18496,Ministério da Saúde / IBGE 2022
3540853,354085,Pracinha,SP,35091,ADAMANTINA,3533,RRAS10,2578,Ministério da Saúde / IBGE 2022
3540903,354090,Pradópolis,SP,35131,HORIZONTE VERDE,3530,RRAS13,17078,Ministério da Saúde / IBGE 2022
3541000,354100,Praia Grande,SP,35041,BAIXADA SANTISTA,3520,RRAS7,349935,Ministério da Saúde / IBGE 2022
3541059,354105,Pratânia,SP,35063,POLO CUESTA,3518,RRAS9,5126,Ministério da Saúde / IBGE 2022
3541109,354110,Presidente Alves,SP,35062,BAURU,3518,RRAS9,3804,Ministério da Saúde / IBGE 2022
3541208,354120,Presidente Bernardes,SP,35112,ALTA SOROCABANA,3532,RRAS11,14490,Ministério da Saúde / IBGE 2022
3541307,354130,Presidente Epitácio,SP,35114,EXTREMO OESTE PAULISTA,3532,RRAS11,39505,Ministério da Saúde / IBGE 2022
3541406,354140,Presidente Prudente,SP,35112,ALTA SOROCABANA,3532,RRAS11,225668,Ministério da Saúde / IBGE 2022
3541505,354150,Presidente Venceslau,SP,35114,EXTREMO OESTE PAULISTA,3532,RRAS11,35201,Ministério da Saúde / IBGE 2022
3541604,354160,Promissão,SP,35065,LINS,3518,RRAS9,35131,Ministério da Saúde / IBGE 2022
3541653,354165,Quadra,SP,35161,ITAPETININGA,3519,RRAS8,3405,Ministério da Saúde / IBGE 2022
3541703,354170,Quatá,SP,35113,ALTO CAPIVARI,3532,RRAS11,13163,Ministério da Saúde / IBGE 2022
3541802,354180,Queiroz,SP,35095,TUPA,3533,RRAS10,3265,Ministério da Saúde / IBGE 2022
3541901,354190,Queluz,SP,35172,CIRCUITO DA FE E VALE HISTORICO,3526,RRAS17,9159,Ministério da Saúde / IBGE 2022
3542008,354200,Quintana,SP,35093,MARILIA,3533,RRAS10,7038,Ministério da Saúde / IBGE 2022
3542107,354210,Rafard,SP,35103,PIRACICABA,3529,RRAS14,8965,Ministério da Saúde / IBGE 2022
3542206,354220,Rancharia,SP,35113,ALTO CAPIVARI,3532,RRAS11,28588,Ministério da Saúde / IBGE 2022
3542305,354230,Redenção da Serra,SP,35174,VALE DO PARAIBA/REGIAO SERRANA,3526,RRAS17,4494,Ministério da Saúde / IBGE 2022
3542404,354240,Regente Feijó,SP,35112,ALTA SOROCABANA,3532,RRAS11,20145,Ministério da Saúde / IBGE 2022
3542503,354250,Reginópolis,SP,35062,BAURU,3518,RRAS9,7662,Ministério da Saúde / IBGE 2022
3542602,354260,Registro,SP,35121,VALE DO RIBEIRA,3520,RRAS7,59947,Ministério da Saúde / IBGE 2022
3542701,354270,Restinga,SP,35081,TRES COLINAS,3530,RRAS13,6404,Ministério da Saúde / IBGE 2022
3542800,354280,Ribeira,SP,35162,ITAPEVA,3519,RRAS8,3132,Ministério da Saúde / IBGE 2022
3542909,354290,Ribeirão Bonito,SP,35032,CORACAO DO DRS III,3535,RRAS18,10989,Ministério da Saúde / IBGE 2022
3543006,354300,Ribeirão Branco,SP,35162,ITAPEVA,3519,RRAS8,18627,Ministério da Saúde / IBGE 2022
3543105,354310,Ribeirão Corrente,SP,35081,TRES COLINAS,3530,RRAS13,4608,Ministério da Saúde / IBGE 2022
3543204,354320,Ribeirão do Sul,SP,35094,OURINHOS,3533,RRAS10,4677,Ministério da Saúde / IBGE 2022
3543238,354323,Ribeirão dos Índios,SP,35112,ALTA SOROCABANA,3532,RRAS11,2025,Ministério da Saúde / IBGE 2022
3543253,354325,Ribeirão Grande,SP,35161,ITAPETININGA,3519,RRAS8,7450,Ministério da Saúde / IBGE 2022
3543303,354330,Ribeirão Pires,SP,35015,GRANDE ABC,3534,RRAS1,115559,Ministério da Saúde / IBGE 2022
3543402,354340,Ribeirão Preto,SP,35132,AQUIFERO GUARANI,3530,RRAS13,698642,Ministério da Saúde / IBGE 2022
3543501,354350,Riversul,SP,35162,ITAPEVA,3519,RRAS8,5599,Ministério da Saúde / IBGE 2022
3543600,354360,Rifaina,SP,35081,TRES COLINAS,3530,RRAS13,4049,Ministério da Saúde / IBGE 2022
3543709,354370,Rincão,SP,35031,CENTRAL DO DRS III,3535,RRAS18,9098,Ministério da Saúde / IBGE 2022
3543808,354380,Rinópolis,SP,35095,TUPA,3533,RRAS10,9259,Ministério da Saúde / IBGE 2022
3543907,354390,Rio Claro,SP,35104,RIO CLARO,3529,RRAS14,201418,Ministério da Saúde / IBGE 2022
3544004,354400,Rio das Pedras,SP,35103,PIRACICABA,3529,RRAS14,31328,Ministério da Saúde / IBGE 2022
3544103,354410,Rio Grande da Serra,SP,35015,GRANDE ABC,3534,RRAS1,44170,Ministério da Saúde / IBGE 2022
3544202,354420,Riolândia,SP,35157,VOTUPORANGA,3531,RRAS12,10309,Ministério da Saúde / IBGE 2022
3544251,354425,Rosana,SP,35115,PONTAL DO PARANAPANEMA,3532,RRAS11,17440,Ministério da Saúde / IBGE 2022
3544301,354430,Roseira,SP,35172,CIRCUITO DA FE E VALE HISTORICO,3526,RRAS17,10832,Ministério da Saúde / IBGE 2022
3544400,354440,Rubiácea,SP,35021,CENTRAL DO DRS II,3536,RRAS19,2700,Ministério da Saúde / IBGE 2022
3544509,354450,Rubinéia,SP,35152,SANTA FE DO SUL,3531,RRAS12,3833,Ministério da Saúde / IBGE 2022
3544608,354460,Sabino,SP,35065,LINS,3518,RRAS9,5112,Ministério da Saúde / IBGE 2022
3544707,354470,Sagres,SP,35091,ADAMANTINA,3533,RRAS10,2474,Ministério da Saúde / IBGE 2022
3544806,354480,Sales,SP,35151,CATANDUVA,3531,RRAS12,6437,Ministério da Saúde / IBGE 2022
3544905,354490,Sales Oliveira,SP,35082,ALTA ANHANGUERA,3530,RRAS13,11411,Ministério da Saúde / IBGE 2022
3545001,354500,Salesópolis,SP,35011,ALTO DO TIETE,3525,RRAS2,15202,Ministério da Saúde / IBGE 2022
3545100,354510,Salmourão,SP,35091,ADAMANTINA,3533,RRAS10,4808,Ministério da Saúde / IBGE 2022
3545159,354515,Saltinho,SP,35103,PIRACICABA,3529,RRAS14,8161,Ministério da Saúde / IBGE 2022
3545209,354520,Salto,SP,35163,SOROCABA,3519,RRAS8,134319,Ministério da Saúde / IBGE 2022
3545308,354530,Salto de Pirapora,SP,35163,SOROCABA,3519,RRAS8,43748,Ministério da Saúde / IBGE 2022
3545407,354540,Salto Grande,SP,35094,OURINHOS,3533,RRAS10,9050,Ministério da Saúde / IBGE 2022
3545506,354550,Sandovalina,SP,35112,ALTA SOROCABANA,3532,RRAS11,3645,Ministério da Saúde / IBGE 2022
3545605,354560,Santa Adélia,SP,35151,CATANDUVA,3531,RRAS12,14018,Ministério da Saúde / IBGE 2022
3545704,354570,Santa Albertina,SP,35153,JALES,3531,RRAS12,6393,Ministério da Saúde / IBGE 2022
3545803,354580,Santa Bárbara d'Oeste,SP,35072,REGIAO METROPOLITANA DE CAMPINAS,3528,RRAS15,183347,Ministério da Saúde / IBGE 2022
3546009,354600,Santa Branca,SP,35171,ALTO VALE DO PARAIBA,3526,RRAS17,13975,Ministério da Saúde / IBGE 2022
3546108,354610,Santa Clara d'Oeste,SP,35152,SANTA FE DO SUL,3531,RRAS12,2598,Ministério da Saúde / IBGE 2022
3546207,354620,Santa Cruz da Conceição,SP,35101,ARARAS,3529,RRAS14,4277,Ministério da Saúde / IBGE 2022
3546256,354625,Santa Cruz da Esperança,SP,35133,VALE DAS CACHOEIRAS,3530,RRAS13,2116,Ministério da Saúde / IBGE 2022
3546306,354630,Santa Cruz das Palmeiras,SP,35142,MANTIQUEIRA,3528,RRAS15,28864,Ministério da Saúde / IBGE 2022
3546405,354640,Santa Cruz do Rio Pardo,SP,35094,OURINHOS,3533,RRAS10,46442,Ministério da Saúde / IBGE 2022
3546504,354650,Santa Ernestina,SP,35033,NOROESTE DO DRS III,3535,RRAS18,6118,Ministério da Saúde / IBGE 2022
3546603,354660,Santa Fé do Sul,SP,35152,SANTA FE DO SUL,3531,RRAS12,34794,Ministério da Saúde / IBGE 2022
3546702,354670,Santa Gertrudes,SP,35104,RIO CLARO,3529,RRAS14,23611,Ministério da Saúde / IBGE 2022
3546801,354680,Santa Isabel,SP,35011,ALTO DO TIETE,3525,RRAS2,53174,Ministério da Saúde / IBGE 2022
3546900,354690,Santa Lúcia,SP,35031,CENTRAL DO DRS III,3535,RRAS18,7149,Ministério da Saúde / IBGE 2022
3547007,354700,Santa Maria da Serra,SP,35103,PIRACICABA,3529,RRAS14,5243,Ministério da Saúde / IBGE 2022
3547106,354710,Santa Mercedes,SP,35111,ALTA PAULISTA,3532,RRAS11,2956,Ministério da Saúde / IBGE 2022
3547205,354720,Santana da Ponte Pensa,SP,35153,JALES,3531,RRAS12,1670,Ministério da Saúde / IBGE 2022
3547304,354730,Santana de Parnaíba,SP,35014,ROTA DOS BANDEIRANTES,3522,RRAS5,154105,Ministério da Saúde / IBGE 2022
3547403,354740,Santa Rita d'Oeste,SP,35152,SANTA FE DO SUL,3531,RRAS12,2733,Ministério da Saúde / IBGE 2022
3547502,354750,Santa Rita do Passa Quatro,SP,35132,AQUIFERO GUARANI,3530,RRAS13,24833,Ministério da Saúde / IBGE 2022
3547601,354760,Santa Rosa de Viterbo,SP,35132,AQUIFERO GUARANI,3530,RRAS13,23411,Ministério da Saúde / IBGE 2022
3547650,354765,Santa Salete,SP,35153,JALES,3531,RRAS12,1645,Ministério da Saúde / IBGE 2022
3547700,354770,Santo Anastácio,SP,35112,ALTA SOROCABANA,3532,RRAS11,17963,Ministério da Saúde / IBGE 2022
3547809,354780,Santo André,SP,35015,GRANDE ABC,3534,RRAS1,748919,Ministério da Saúde / IBGE 2022
3547908,354790,Santo Antônio da Alegria,SP,35133,VALE DAS CACHOEIRAS,3530,RRAS13,6775,Ministério da Saúde / IBGE 2022
3548005,354800,Santo Antônio de Posse,SP,35072,REGIAO METROPOLITANA DE CAMPINAS,3528,RRAS15,23244,Ministério da Saúde / IBGE 2022
3548054,354805,Santo Antônio do Aracanguá,SP,35021,CENTRAL DO DRS II,3536,RRAS19,8379,Ministério da Saúde / IBGE 2022
3548104,354810,Santo Antônio do Jardim,SP,35142,MANTIQUEIRA,3528,RRAS15,6126,Ministério da Saúde / IBGE 2022
3548203,354820,Santo Antônio do Pinhal,SP,35174,VALE DO PARAIBA/REGIAO SERRANA,3526,RRAS17,7133,Ministério da Saúde / IBGE 2022
3548302,354830,Santo Expedito,SP,35112,ALTA SOROCABANA,3532,RRAS11,3000,Ministério da Saúde / IBGE 2022
3548401,354840,Santópolis do Aguapeí,SP,35023,CONSORCIOS DO DRS II,3536,RRAS19,3899,Ministério da Saúde / IBGE 2022
3548500,354850,Santos,SP,35041,BAIXADA SANTISTA,3520,RRAS7,418608,Ministério da Saúde / IBGE 2022
3548609,354860,São Bento do Sapucaí,SP,35174,VALE DO PARAIBA/REGIAO SERRANA,3526,RRAS17,11674,Ministério da Saúde / IBGE 2022
3548708,354870,São Bernardo do Campo,SP,35015,GRANDE ABC,3534,RRAS1,810729,Ministério da Saúde / IBGE 2022
3548807,354880,São Caetano do Sul,SP,35015,GRANDE ABC,3534,RRAS1,165655,Ministério da Saúde / IBGE 2022
3548906,354890,São Carlos,SP,35032,CORACAO DO DRS III,3535,RRAS18,254857,Ministério da Saúde / IBGE 2022
3549003,354900,São Francisco,SP,35153,JALES,3531,RRAS12,2602,Ministério da Saúde / IBGE 2022
3549102,354910,São João da Boa Vista,SP,35142,MANTIQUEIRA,3528,RRAS15,92547,Ministério da Saúde / IBGE 2022
3549201,354920,São João das Duas Pontes,SP,35154,FERNANDOPOLIS,3531,RRAS12,2580,Ministério da Saúde / IBGE 2022
3549250,354925,São João de Iracema,SP,35154,FERNANDOPOLIS,3531,RRAS12,1846,Ministério da Saúde / IBGE 2022
3549300,354930,São João do Pau d'Alho,SP,35111,ALTA PAULISTA,3532,RRAS11,2242,Ministério da Saúde / IBGE 2022
3549409,354940,São Joaquim da Barra,SP,35082,ALTA ANHANGUERA,3530,RRAS13,48558,Ministério da Saúde / IBGE 2022
3549508,354950,São José da Bela Vista,SP,35081,TRES COLINAS,3530,RRAS13,7626,Ministério da Saúde / IBGE 2022
3549607,354960,São José do Barreiro,SP,35172,CIRCUITO DA FE E VALE HISTORICO,3526,RRAS17,3853,Ministério da Saúde / IBGE 2022
3549706,354970,São José do Rio Pardo,SP,35143,RIO PARDO,3528,RRAS15,52205,Ministério da Saúde / IBGE 2022
3549805,354980,São José do Rio Preto,SP,35155,SAO JOSE DO RIO PRETO,3531,RRAS12,480393,Ministério da Saúde / IBGE 2022
3549904,354990,São José dos Campos,SP,35171,ALTO VALE DO PARAIBA,3526,RRAS17,697054,Ministério da Saúde / IBGE 2022
3549953,354995,São Lourenço da Serra,SP,35013,MANANCIAIS,3523,RRAS4,16067,Ministério da Saúde / IBGE 2022
3550001,355000,São Luiz do Paraitinga,SP,35174,VALE DO PARAIBA/REGIAO SERRANA,3526,RRAS17,10337,Ministério da Saúde / IBGE 2022
3550100,355010,São Manuel,SP,35063,POLO CUESTA,3518,RRAS9,37289,Ministério da Saúde / IBGE 2022
3550209,355020,São Miguel Arcanjo,SP,35161,ITAPETININGA,3519,RRAS8,32039,Ministério da Saúde / IBGE 2022
3550308,355030,São Paulo,SP,35016,SAO PAULO,3521,RRAS6,11451999,Ministério da Saúde / IBGE 2022
3550407,355040,São Pedro,SP,35103,PIRACICABA,3529,RRAS14,38256,Ministério da Saúde / IBGE 2022
3550506,355050,São Pedro do Turvo,SP,35094,OURINHOS,3533,RRAS10,7217,Ministério da Saúde / IBGE 2022
3550605,355060,São Roque,SP,35163,SOROCABA,3519,RRAS8,79484,Ministério da Saúde / IBGE 2022
3550704,355070,São Sebastião,SP,35173,LITORAL NORTE,3526,RRAS17,81595,Ministério da Saúde / IBGE 2022
3550803,355080,São Sebastião da Grama,SP,35143,RIO PARDO,3528,RRAS15,10441,Ministério da Saúde / IBGE 2022
3550902,355090,São Simão,SP,35132,AQUIFERO GUARANI,3530,RRAS13,13442,Ministério da Saúde / IBGE 2022
3551009,355100,São Vicente,SP,35041,BAIXADA SANTISTA,3520,RRAS7,329911,Ministério da Saúde / IBGE 2022
3551108,355110,Sarapuí,SP,35161,ITAPETININGA,3519,RRAS8,10369,Ministério da Saúde / IBGE 2022
3551207,355120,Sarutaiá,SP,35061,VALE DO JURUMIRIM,3518,RRAS9,3704,Ministério da Saúde / IBGE 2022
3551306,355130,Sebastianópolis do Sul,SP,35157,VOTUPORANGA,3531,RRAS12,3130,Ministério da Saúde / IBGE 2022
3551405,355140,Serra Azul,SP,35132,AQUIFERO GUARANI,3530,RRAS13,12746,Ministério da Saúde / IBGE 2022
3551504,355150,Serrana,SP,35132,AQUIFERO GUARANI,3530,RRAS13,43909,Ministério da Saúde / IBGE 2022
3551603,355160,Serra Negra,SP,35074,CIRCUITO DAS AGUAS,3528,RRAS15,29894,Ministério da Saúde / IBGE 2022
3551702,355170,Sertãozinho,SP,35131,HORIZONTE VERDE,3530,RRAS13,126887,Ministério da Saúde / IBGE 2022
3551801,355180,Sete Barras,SP,35121,VALE DO RIBEIRA,3520,RRAS7,12730,Ministério da Saúde / IBGE 2022
3551900,355190,Severínia,SP,35051,NORTE - BARRETOS,3530,RRAS13,14576,Ministério da Saúde / IBGE 2022
3552007,355200,Silveiras,SP,35172,CIRCUITO DA FE E VALE HISTORICO,3526,RRAS17,6186,Ministério da Saúde / IBGE 2022
3552106,355210,Socorro,SP,35071,BRAGANCA,3527,RRAS16,40122,Ministério da Saúde / IBGE 2022
3552205,355220,Sorocaba,SP,35163,SOROCABA,3519,RRAS8,723682,Ministério da Saúde / IBGE 2022
3552304,355230,Sud Mennucci,SP,35022,LAGOS DO DRS II,3536,RRAS19,7355,Ministério da Saúde / IBGE 2022
3552403,355240,Sumaré,SP,35072,REGIAO METROPOLITANA DE CAMPINAS,3528,RRAS15,279545,Ministério da Saúde / IBGE 2022
3552502,355250,Suzano,SP,35011,ALTO DO TIETE,3525,RRAS2,307429,Ministério da Saúde / IBGE 2022
3552551,355255,Suzanápolis,SP,35022,LAGOS DO DRS II,3536,RRAS19,3408,Ministério da Saúde / IBGE 2022
3552601,355260,Tabapuã,SP,35151,CATANDUVA,3531,RRAS12,11323,Ministério da Saúde / IBGE 2022
3552700,355270,Tabatinga,SP,35033,NOROESTE DO DRS III,3535,RRAS18,14769,Ministério da Saúde / IBGE 2022
3552809,355280,Taboão da Serra,SP,35013,MANANCIAIS,3523,RRAS4,273542,Ministério da Saúde / IBGE 2022
3552908,355290,Taciba,SP,35112,ALTA SOROCABANA,3532,RRAS11,6260,Ministério da Saúde / IBGE 2022
3553005,355300,Taguaí,SP,35061,VALE DO JURUMIRIM,3518,RRAS9,12669,Ministério da Saúde / IBGE 2022
3553104,355310,Taiaçu,SP,35052,SUL - BARRETOS,3530,RRAS13,5677,Ministério da Saúde / IBGE 2022
3553203,355320,Taiúva,SP,35052,SUL - BARRETOS,3530,RRAS13,6548,Ministério da Saúde / IBGE 2022
3553302,355330,Tambaú,SP,35142,MANTIQUEIRA,3528,RRAS15,21435,Ministério da Saúde / IBGE 2022
3553401,355340,Tanabi,SP,35155,SAO JOSE DO RIO PRETO,3531,RRAS12,25265,Ministério da Saúde / IBGE 2022
3553500,355350,Tapiraí,SP,35163,SOROCABA,3519,RRAS8,7996,Ministério da Saúde / IBGE 2022
3553609,355360,Tapiratiba,SP,35143,RIO PARDO,3528,RRAS15,11816,Ministério da Saúde / IBGE 2022
3553658,355365,Taquaral,SP,35052,SUL - BARRETOS,3530,RRAS13,2619,Ministério da Saúde / IBGE 2022
3553708,355370,Taquaritinga,SP,35033,NOROESTE DO DRS III,3535,RRAS18,52260,Ministério da Saúde / IBGE 2022
3553807,355380,Taquarituba,SP,35061,VALE DO JURUMIRIM,3518,RRAS9,24350,Ministério da Saúde / IBGE 2022
3553856,355385,Taquarivaí,SP,35162,ITAPEVA,3519,RRAS8,6876,Ministério da Saúde / IBGE 2022
3553906,355390,Tarabai,SP,35112,ALTA SOROCABANA,3532,RRAS11,6536,Ministério da Saúde / IBGE 2022
3553955,355395,Tarumã,SP,35092,ASSIS,3533,RRAS10,14882,Ministério da Saúde / IBGE 2022
3554003,355400,Tatuí,SP,35161,ITAPETININGA,3519,RRAS8,123942,Ministério da Saúde / IBGE 2022
3554102,355410,Taubaté,SP,35174,VALE DO PARAIBA/REGIAO SERRANA,3526,RRAS17,310739,Ministério da Saúde / IBGE 2022
3554201,355420,Tejupá,SP,35061,VALE DO JURUMIRIM,3518,RRAS9,4127,Ministério da Saúde / IBGE 2022
3554300,355430,Teodoro Sampaio,SP,35115,PONTAL DO PARANAPANEMA,3532,RRAS11,22173,Ministério da Saúde / IBGE 2022
3554409,355440,Terra Roxa,SP,35052,SUL - BARRETOS,3530,RRAS13,7904,Ministério da Saúde / IBGE 2022
3554508,355450,Tietê,SP,35163,SOROCABA,3519,RRAS8,37663,Ministério da Saúde / IBGE 2022
3554607,355460,Timburi,SP,35094,OURINHOS,3533,RRAS10,2464,Ministério da Saúde / IBGE 2022
3554656,355465,Torre de Pedra,SP,35063,POLO CUESTA,3518,RRAS9,2046,Ministério da Saúde / IBGE 2022
3554706,355470,Torrinha,SP,35064,JAU,3518,RRAS9,9335,Ministério da Saúde / IBGE 2022
3554755,355475,Trabiju,SP,35031,CENTRAL DO DRS III,3535,RRAS18,1682,Ministério da Saúde / IBGE 2022
3554805,355480,Tremembé,SP,35174,VALE DO PARAIBA/REGIAO SERRANA,3526,RRAS17,51173,Ministério da Saúde / IBGE 2022
3554904,355490,Três Fronteiras,SP,35152,SANTA FE DO SUL,3531,RRAS12,6804,Ministério da Saúde / IBGE 2022
3554953,355495,Tuiuti,SP,35071,BRAGANCA,3527,RRAS16,6778,Ministério da Saúde / IBGE 2022
3555000,355500,Tupã,SP,35095,TUPA,3533,RRAS10,63928,Ministério da Saúde / IBGE 2022
3555109,355510,Tupi Paulista,SP,35111,ALTA PAULISTA,3532,RRAS11,15854,Ministério da Saúde / IBGE 2022
3555208,355520,Turiúba,SP,35023,CONSORCIOS DO DRS II,3536,RRAS19,1818,Ministério da Saúde / IBGE 2022
3555307,355530,Turmalina,SP,35154,FERNANDOPOLIS,3531,RRAS12,1669,Ministério da Saúde / IBGE 2022
3555356,355535,Ubarana,SP,35156,JOSE BONIFACIO,3531,RRAS12,5365,Ministério da Saúde / IBGE 2022
3555406,355540,Ubatuba,SP,35173,LITORAL NORTE,3526,RRAS17,92981,Ministério da Saúde / IBGE 2022
3555505,355550,Ubirajara,SP,35093,MARILIA,3533,RRAS10,5132,Ministério da Saúde / IBGE 2022
3555604,355560,Uchoa,SP,35155,SAO JOSE DO RIO PRETO,3531,RRAS12,10394,Ministério da Saúde / IBGE 2022
3555703,355570,União Paulista,SP,35156,JOSE BONIFACIO,3531,RRAS12,1603,Ministério da Saúde / IBGE 2022
3555802,355580,Urânia,SP,35153,JALES,3531,RRAS12,8833,Ministério da Saúde / IBGE 2022
3555901,355590,Uru,SP,35065,LINS,3518,RRAS9,1387,Ministério da Saúde / IBGE 2022
3556008,355600,Urupês,SP,35151,CATANDUVA,3531,RRAS12,13744,Ministério da Saúde / IBGE 2022
3556107,355610,Valentim Gentil,SP,35157,VOTUPORANGA,3531,RRAS12,14098,Ministério da Saúde / IBGE 2022
3556206,355620,Valinhos,SP,35072,REGIAO METROPOLITANA DE CAMPINAS,3528,RRAS15,126373,Ministério da Saúde / IBGE 2022
3556305,355630,Valparaíso,SP,35021,CENTRAL DO DRS II,3536,RRAS19,24241,Ministério da Saúde / IBGE 2022
3556354,355635,Vargem,SP,35071,BRAGANCA,3527,RRAS16,10512,Ministério da Saúde / IBGE 2022
3556404,355640,Vargem Grande do Sul,SP,35142,MANTIQUEIRA,3528,RRAS15,40133,Ministério da Saúde / IBGE 2022
3556453,355645,Vargem Grande Paulista,SP,35013,MANANCIAIS,3523,RRAS4,50415,Ministério da Saúde / IBGE 2022
3556503,355650,Várzea Paulista,SP,35073,JUNDIAI,3527,RRAS16,115771,Ministério da Saúde / IBGE 2022
3556602,355660,Vera Cruz,SP,35093,MARILIA,3533,RRAS10,10176,Ministério da Saúde / IBGE 2022
3556701,355670,Vinhedo,SP,35072,REGIAO METROPOLITANA DE CAMPINAS,3528,RRAS15,76540,Ministério da Saúde / IBGE 2022
3556800,355680,Viradouro,SP,35052,SUL - BARRETOS,3530,RRAS13,17414,Ministério da Saúde / IBGE 2022
3556909,355690,Vista Alegre do Alto,SP,35052,SUL - BARRETOS,3530,RRAS13,8109,Ministério da Saúde / IBGE 2022
3556958,355695,Vitória Brasil,SP,35153,JALES,3531,RRAS12,1794,Ministério da Saúde / IBGE 2022
3557006,355700,Votorantim,SP,35163,SOROCABA,3519,RRAS8,127923,Ministério da Saúde / IBGE 2022
3557105,355710,Votuporanga,SP,35157,VOTUPORANGA,3531,RRAS12,96634,Ministério da Saúde / IBGE 2022
3557154,355715,Zacarias,SP,35156,JOSE BONIFACIO,3531,RRAS12,2692,Ministério da Saúde / IBGE 2022
3557204,355720,Chavantes,SP,35094,OURINHOS,3533,RRAS10,12211,Ministério da Saúde / IBGE 2022
3557303,355730,Estiva Gerbi,SP,35141,BAIXA MOGIANA,3528,RRAS15,11295,Ministério da Saúde / IBGE 2022
