tabela_origem,tabela_canonica,coluna_origem,coluna_canonica,acao,justificativa
dim_tempo,dim_tempo,_ano,nr_ano_competencia,renomeada,Padronização snake_case e prefixo semântico.
dim_tempo,dim_tempo,_mes,nr_mes_competencia,renomeada,Padronização snake_case e prefixo semântico.
dim_tempo,dim_tempo,dias_no_mes,qt_dia_mes,renomeada,Padronização snake_case e prefixo semântico.
dim_tempo,dim_tempo,competencia,cd_competencia,renomeada,Padronização snake_case e prefixo semântico.
dim_tempo,dim_tempo,data_ref,dt_competencia,renomeada,Padronização snake_case e prefixo semântico.
dim_tempo,dim_tempo,trimestre,nr_trimestre,renomeada,Padronização snake_case e prefixo semântico.
dim_hospital,dim_hospital,CNES,cd_cnes,renomeada,Padronização snake_case e prefixo semântico.
dim_hospital,dim_hospital,municipio_cod6,cd_municipio_ibge_6,renomeada,Padronização snake_case e prefixo semântico.
dim_hospital,dim_hospital,tipo_unidade_cod,cd_tipo_unidade,renomeada,Padronização snake_case e prefixo semântico.
dim_hospital,dim_hospital,esfera_cod_cnes_lt,cd_esfera_administrativa_cnes_lt,renomeada,Padronização snake_case e prefixo semântico.
dim_hospital,dim_hospital,natureza_jur_cod,cd_natureza_juridica,renomeada,Padronização snake_case e prefixo semântico.
dim_hospital,dim_hospital,gestao_cod,cd_tipo_gestao,renomeada,Padronização snake_case e prefixo semântico.
dim_hospital,dim_hospital,regiao_saude_cnes_lt,cd_regiao_saude_cnes_lt,renomeada,Padronização snake_case e prefixo semântico.
dim_hospital,dim_hospital,qtd_regioes_declaradas_cnes_lt,qt_regiao_saude_declarada_cnes_lt,renomeada,Padronização snake_case e prefixo semântico.
dim_hospital,dim_hospital,regiao_saude,cd_regiao_saude,renomeada,Padronização snake_case e prefixo semântico.
dim_hospital,dim_hospital,regiao_saude_nome,nm_regiao_saude,renomeada,Padronização snake_case e prefixo semântico.
dim_hospital,dim_hospital,macrorregiao_saude_codigo,cd_macrorregiao_saude,renomeada,Padronização snake_case e prefixo semântico.
dim_hospital,dim_hospital,macrorregiao_saude_nome,nm_macrorregiao_saude,renomeada,Padronização snake_case e prefixo semântico.
dim_hospital,dim_hospital,hospital_nome_atual,nm_hospital_atual,renomeada,Padronização snake_case e prefixo semântico.
dim_hospital,dim_hospital,hospital_razao_social_atual,nm_razao_social_hospital_atual,renomeada,Padronização snake_case e prefixo semântico.
dim_hospital,dim_hospital,esfera_administrativa_atual,nm_esfera_administrativa_atual,renomeada,Padronização snake_case e prefixo semântico.
dim_hospital,dim_hospital,cadastro_cnes_atualizado_em,dt_atualizacao_cadastro_cnes,renomeada,Padronização snake_case e prefixo semântico.
dim_hospital,dim_hospital,origem_regiao,ds_origem_regiao,renomeada,Padronização snake_case e prefixo semântico.
dim_hospital,dim_hospital,fl_regiao_conflitante,fl_regiao_conflitante,mantida,Padronização snake_case e prefixo semântico.
dim_hospital,dim_hospital,fl_regiao_nao_confiavel,fl_regiao_nao_confiavel,mantida,Padronização snake_case e prefixo semântico.
dim_hospital,dim_hospital,tipo_unidade,nm_tipo_unidade,renomeada,Padronização snake_case e prefixo semântico.
dim_hospital,dim_hospital,gestao,nm_tipo_gestao,renomeada,Padronização snake_case e prefixo semântico.
dim_hospital,dim_hospital,natureza_juridica,nm_natureza_juridica,renomeada,Padronização snake_case e prefixo semântico.
dim_hospital,dim_hospital,fl_esfera_ausente_cnes_lt,fl_esfera_ausente_cnes_lt,mantida,Padronização snake_case e prefixo semântico.
dim_hospital,dim_hospital,fl_cadastro_atual_nao_historico,fl_cadastro_atual_nao_historico,mantida,Padronização snake_case e prefixo semântico.
dim_hospital_alias,dim_hospital_alias,cd_cnes,cd_cnes,mantida,Padronização snake_case e prefixo semântico.
dim_hospital_alias,dim_hospital_alias,nm_alias,nm_alias,mantida,Padronização snake_case e prefixo semântico.
dim_hospital_alias,dim_hospital_alias,nm_alias_normalizado,nm_alias_normalizado,mantida,Padronização snake_case e prefixo semântico.
dim_hospital_alias,dim_hospital_alias,tp_alias,tp_alias,mantida,Padronização snake_case e prefixo semântico.
dim_hospital_alias,dim_hospital_alias,fl_alias_preferencial,fl_alias_preferencial,mantida,Padronização snake_case e prefixo semântico.
dim_hospital_alias,dim_hospital_alias,ds_fonte_alias,ds_fonte_alias,mantida,Padronização snake_case e prefixo semântico.
dim_hospital_alias,dim_hospital_alias,dt_referencia_fonte,dt_referencia_fonte,mantida,Padronização snake_case e prefixo semântico.
dim_hospital_territorio_atual,dim_hospital_territorio_atual,cd_cnes,cd_cnes,mantida,Padronização snake_case e prefixo semântico.
dim_hospital_territorio_atual,dim_hospital_territorio_atual,cd_municipio_ibge_7,cd_municipio_ibge_7,mantida,Padronização snake_case e prefixo semântico.
dim_hospital_territorio_atual,dim_hospital_territorio_atual,cd_distrito_sp,cd_distrito_sp,mantida,Padronização snake_case e prefixo semântico.
dim_hospital_territorio_atual,dim_hospital_territorio_atual,id_subprefeitura_sp,id_subprefeitura_sp,mantida,Padronização snake_case e prefixo semântico.
dim_hospital_territorio_atual,dim_hospital_territorio_atual,id_crs_sms_sp,id_crs_sms_sp,mantida,Padronização snake_case e prefixo semântico.
dim_hospital_territorio_atual,dim_hospital_territorio_atual,id_sts_sms_sp,id_sts_sms_sp,mantida,Padronização snake_case e prefixo semântico.
dim_hospital_territorio_atual,dim_hospital_territorio_atual,nm_bairro_cnes_atual,nm_bairro_cnes_atual,mantida,Padronização snake_case e prefixo semântico.
dim_hospital_territorio_atual,dim_hospital_territorio_atual,vl_latitude_cnes_atual,vl_latitude_cnes_atual,mantida,Padronização snake_case e prefixo semântico.
dim_hospital_territorio_atual,dim_hospital_territorio_atual,vl_longitude_cnes_atual,vl_longitude_cnes_atual,mantida,Padronização snake_case e prefixo semântico.
dim_hospital_territorio_atual,dim_hospital_territorio_atual,tp_metodo_atribuicao,tp_metodo_atribuicao,mantida,Padronização snake_case e prefixo semântico.
dim_hospital_territorio_atual,dim_hospital_territorio_atual,fl_atribuicao_ambigua,fl_atribuicao_ambigua,mantida,Padronização snake_case e prefixo semântico.
dim_hospital_territorio_atual,dim_hospital_territorio_atual,ds_fonte_territorio,ds_fonte_territorio,mantida,Padronização snake_case e prefixo semântico.
dim_hospital_territorio_atual,dim_hospital_territorio_atual,dt_referencia_fonte,dt_referencia_fonte,mantida,Padronização snake_case e prefixo semântico.
dim_municipio,dim_municipio,municipio_cod7,cd_municipio_ibge_7,renomeada,Padronização snake_case e prefixo semântico.
dim_municipio,dim_municipio,municipio_cod6,cd_municipio_ibge_6,renomeada,Padronização snake_case e prefixo semântico.
dim_municipio,dim_municipio,municipio_nome,nm_municipio,renomeada,Padronização snake_case e prefixo semântico.
dim_municipio,dim_municipio,uf,sg_uf,renomeada,Padronização snake_case e prefixo semântico.
dim_municipio,dim_municipio,microrregiao,nm_microrregiao,renomeada,Padronização snake_case e prefixo semântico.
dim_municipio,dim_municipio,mesorregiao,nm_mesorregiao,renomeada,Padronização snake_case e prefixo semântico.
dim_municipio,dim_municipio,regiao_saude,cd_regiao_saude,renomeada,Padronização snake_case e prefixo semântico.
dim_municipio,dim_municipio,regiao_saude_nome,nm_regiao_saude,renomeada,Padronização snake_case e prefixo semântico.
dim_municipio,dim_municipio,macrorregiao_saude_codigo,cd_macrorregiao_saude,renomeada,Padronização snake_case e prefixo semântico.
dim_municipio,dim_municipio,macrorregiao_saude_nome,nm_macrorregiao_saude,renomeada,Padronização snake_case e prefixo semântico.
dim_municipio,dim_municipio,qt_populacao_ibge_2022,qt_populacao_ibge_2022,mantida,Padronização snake_case e prefixo semântico.
dim_municipio,dim_municipio,ds_fonte_populacao,ds_fonte_populacao,mantida,Padronização snake_case e prefixo semântico.
dim_territorio_municipal,dim_territorio_municipal,cd_municipio_ibge_7,cd_municipio_ibge_7,mantida,Padronização snake_case e prefixo semântico.
dim_territorio_municipal,dim_territorio_municipal,cd_distrito_sp,cd_distrito_sp,mantida,Padronização snake_case e prefixo semântico.
dim_territorio_municipal,dim_territorio_municipal,nm_distrito,nm_distrito,mantida,Padronização snake_case e prefixo semântico.
dim_territorio_municipal,dim_territorio_municipal,id_subprefeitura_sp,id_subprefeitura_sp,mantida,Padronização snake_case e prefixo semântico.
dim_territorio_municipal,dim_territorio_municipal,nm_subprefeitura,nm_subprefeitura,mantida,Padronização snake_case e prefixo semântico.
dim_territorio_municipal,dim_territorio_municipal,id_crs_sms_sp,id_crs_sms_sp,mantida,Padronização snake_case e prefixo semântico.
dim_territorio_municipal,dim_territorio_municipal,nm_crs_sms,nm_crs_sms,mantida,Padronização snake_case e prefixo semântico.
dim_territorio_municipal,dim_territorio_municipal,id_sts_sms_sp,id_sts_sms_sp,mantida,Padronização snake_case e prefixo semântico.
dim_territorio_municipal,dim_territorio_municipal,nm_sts_sms,nm_sts_sms,mantida,Padronização snake_case e prefixo semântico.
dim_territorio_municipal,dim_territorio_municipal,nm_regiao_municipal_5,nm_regiao_municipal_5,mantida,Padronização snake_case e prefixo semântico.
dim_territorio_municipal,dim_territorio_municipal,nm_regiao_municipal_8,nm_regiao_municipal_8,mantida,Padronização snake_case e prefixo semântico.
dim_territorio_municipal,dim_territorio_municipal,nm_zona_popular,nm_zona_popular,mantida,Padronização snake_case e prefixo semântico.
dim_territorio_municipal,dim_territorio_municipal,ds_fonte_territorio,ds_fonte_territorio,mantida,Padronização snake_case e prefixo semântico.
dim_territorio_municipal,dim_territorio_municipal,dt_referencia_fonte,dt_referencia_fonte,mantida,Padronização snake_case e prefixo semântico.
dim_especialidade,dim_especialidade,ESPEC,cd_especialidade_sih,renomeada,Padronização snake_case e prefixo semântico.
dim_especialidade,dim_especialidade,aih_aprovadas,qt_aih_aprovada,renomeada,Padronização snake_case e prefixo semântico.
dim_especialidade,dim_especialidade,especialidade,nm_especialidade,renomeada,Padronização snake_case e prefixo semântico.
dim_especialidade,dim_especialidade,mapeada,fl_especialidade_mapeada,renomeada,Padronização snake_case e prefixo semântico.
dim_cid,dim_cid,cid_principal,cd_cid_principal,renomeada,Padronização snake_case e prefixo semântico.
dim_cid,dim_cid,aih_aprovadas,qt_aih_aprovada,renomeada,Padronização snake_case e prefixo semântico.
dim_cid,dim_cid,cid_descricao,ds_cid,renomeada,Padronização snake_case e prefixo semântico.
dim_cid,dim_cid,cid_descricao_abreviada,ds_cid_abreviada,renomeada,Padronização snake_case e prefixo semântico.
dim_cid,dim_cid,fonte_descricao,ds_fonte_descricao,renomeada,Padronização snake_case e prefixo semântico.
dim_cid,dim_cid,categoria,cd_categoria_cid,renomeada,Padronização snake_case e prefixo semântico.
dim_cid,dim_cid,categoria_descricao,ds_categoria_cid,renomeada,Padronização snake_case e prefixo semântico.
dim_cid,dim_cid,capitulo,cd_capitulo_cid,renomeada,Padronização snake_case e prefixo semântico.
dim_cid,dim_cid,capitulo_desc,ds_capitulo_cid,renomeada,Padronização snake_case e prefixo semântico.
dim_dominio,dim_dominio,campo,nm_campo_origem,renomeada,Padronização snake_case e prefixo semântico.
dim_dominio,dim_dominio,codigo,cd_dominio,renomeada,Padronização snake_case e prefixo semântico.
dim_dominio,dim_dominio,descricao,ds_dominio,renomeada,Padronização snake_case e prefixo semântico.
dim_dominio,dim_dominio,fonte,ds_fonte_dominio,renomeada,Padronização snake_case e prefixo semântico.
dim_dominio,dim_dominio,status,st_mapeamento,renomeada,Padronização snake_case e prefixo semântico.
fato_internacao,fato_internacao,N_AIH,id_aih,renomeada,Padronização snake_case e prefixo semântico.
fato_internacao,fato_internacao,IDENT,cd_tipo_aih,renomeada,Padronização snake_case e prefixo semântico.
fato_internacao,fato_internacao,ident_descricao,ds_tipo_aih,renomeada,Padronização snake_case e prefixo semântico.
fato_internacao,fato_internacao,CNES,cd_cnes,renomeada,Padronização snake_case e prefixo semântico.
fato_internacao,fato_internacao,municipio_cod6,cd_municipio_ibge_6,renomeada,Padronização snake_case e prefixo semântico.
fato_internacao,fato_internacao,municipio_res_cod6,cd_municipio_residencia_ibge_6,renomeada,Padronização snake_case e prefixo semântico.
fato_internacao,fato_internacao,regiao_saude,cd_regiao_saude,renomeada,Padronização snake_case e prefixo semântico.
fato_internacao,fato_internacao,regiao_saude_nome,nm_regiao_saude,renomeada,Padronização snake_case e prefixo semântico.
fato_internacao,fato_internacao,macrorregiao_saude_codigo,cd_macrorregiao_saude,renomeada,Padronização snake_case e prefixo semântico.
fato_internacao,fato_internacao,macrorregiao_saude_nome,nm_macrorregiao_saude,renomeada,Padronização snake_case e prefixo semântico.
fato_internacao,fato_internacao,origem_regiao,ds_origem_regiao,renomeada,Padronização snake_case e prefixo semântico.
fato_internacao,fato_internacao,fl_regiao_conflitante,fl_regiao_conflitante,mantida,Padronização snake_case e prefixo semântico.
fato_internacao,fato_internacao,fl_regiao_nao_confiavel,fl_regiao_nao_confiavel,mantida,Padronização snake_case e prefixo semântico.
fato_internacao,fato_internacao,_ano,nr_ano_competencia,renomeada,Padronização snake_case e prefixo semântico.
fato_internacao,fato_internacao,_mes,nr_mes_competencia,renomeada,Padronização snake_case e prefixo semântico.
fato_internacao,fato_internacao,dt_internacao,dt_internacao,mantida,Padronização snake_case e prefixo semântico.
fato_internacao,fato_internacao,dt_saida,dt_saida,mantida,Padronização snake_case e prefixo semântico.
fato_internacao,fato_internacao,fl_cruza_mes,fl_cruza_mes,mantida,Padronização snake_case e prefixo semântico.
fato_internacao,fato_internacao,fl_competencia_diverge_saida,fl_competencia_diverge_saida,mantida,Padronização snake_case e prefixo semântico.
fato_internacao,fato_internacao,ESPEC,cd_especialidade_sih,renomeada,Padronização snake_case e prefixo semântico.
fato_internacao,fato_internacao,especialidade,nm_especialidade,renomeada,Padronização snake_case e prefixo semântico.
fato_internacao,fato_internacao,cid_principal,cd_cid_principal,renomeada,Padronização snake_case e prefixo semântico.
fato_internacao,fato_internacao,cid_descricao,ds_cid,renomeada,Padronização snake_case e prefixo semântico.
fato_internacao,fato_internacao,categoria_descricao,ds_categoria_cid,renomeada,Padronização snake_case e prefixo semântico.
fato_internacao,fato_internacao,capitulo,cd_capitulo_cid,renomeada,Padronização snake_case e prefixo semântico.
fato_internacao,fato_internacao,capitulo_desc,ds_capitulo_cid,renomeada,Padronização snake_case e prefixo semântico.
fato_internacao,fato_internacao,fonte_descricao,ds_fonte_descricao,renomeada,Padronização snake_case e prefixo semântico.
fato_internacao,fato_internacao,QT_DIARIAS,qt_diaria_faturada,renomeada,Padronização snake_case e prefixo semântico.
fato_internacao,fato_internacao,DIAS_PERM,qt_dia_permanencia,renomeada,Padronização snake_case e prefixo semântico.
fato_internacao,fato_internacao,MORTE,,removida,Substituída por fl_obito e fl_obito_internacao_nova; o valor original permanece na Bronze.
fato_internacao,fato_internacao,VAL_TOT,vl_total_aprovado_sus,renomeada,Padronização snake_case e prefixo semântico.
fato_internacao,fato_internacao,UTI_MES_TO,qt_diaria_uti_faturada,renomeada,Padronização snake_case e prefixo semântico.
fato_internacao,fato_internacao,MARCA_UTI,cd_tipo_uti,renomeada,Padronização snake_case e prefixo semântico.
fato_internacao,fato_internacao,marca_uti_descricao,ds_tipo_uti,renomeada,Padronização snake_case e prefixo semântico.
fato_internacao,fato_internacao,IDADE,nr_idade_informada,renomeada,Padronização snake_case e prefixo semântico.
fato_internacao,fato_internacao,COD_IDADE,cd_unidade_idade,renomeada,Padronização snake_case e prefixo semântico.
fato_internacao,fato_internacao,unidade_idade,ds_unidade_idade,renomeada,Padronização snake_case e prefixo semântico.
fato_internacao,fato_internacao,idade_anos_aprox,nr_idade_ano_aproximada,renomeada,Padronização snake_case e prefixo semântico.
fato_internacao,fato_internacao,SEXO,cd_sexo,renomeada,Padronização snake_case e prefixo semântico.
fato_internacao,fato_internacao,sexo_descricao,ds_sexo,renomeada,Padronização snake_case e prefixo semântico.
fato_internacao,fato_internacao,CAR_INT,cd_carater_internacao,renomeada,Padronização snake_case e prefixo semântico.
fato_internacao,fato_internacao,carater_internacao,ds_carater_internacao,renomeada,Padronização snake_case e prefixo semântico.
fato_internacao,fato_internacao,COMPLEX,cd_complexidade,renomeada,Padronização snake_case e prefixo semântico.
fato_internacao,fato_internacao,complexidade,ds_complexidade,renomeada,Padronização snake_case e prefixo semântico.
fato_internacao,fato_internacao,fl_aih_aprovada,fl_aih_aprovada,mantida,Padronização snake_case e prefixo semântico.
fato_internacao,fato_internacao,fl_internacao_nova,fl_internacao_nova,mantida,Padronização snake_case e prefixo semântico.
fato_internacao,fato_internacao,fl_continuacao_longa_permanencia,fl_continuacao_longa_permanencia,mantida,Padronização snake_case e prefixo semântico.
fato_internacao,fato_internacao,dias_perm_internacao_nova,qt_dia_permanencia_internacao_nova,renomeada,Padronização snake_case e prefixo semântico.
fato_internacao,fato_internacao,qt_diarias_internacao_nova,qt_diaria_faturada_internacao_nova,renomeada,Padronização snake_case e prefixo semântico.
fato_internacao,fato_internacao,valor_internacao_nova,vl_aprovado_internacao_nova,renomeada,Padronização snake_case e prefixo semântico.
fato_internacao,fato_internacao,valor_continuacao,vl_aprovado_continuacao,renomeada,Padronização snake_case e prefixo semântico.
fato_internacao,fato_internacao,fl_sem_diaria_faturada,fl_sem_diaria_faturada,mantida,Padronização snake_case e prefixo semântico.
fato_internacao,fato_internacao,fl_permanencia_zero,fl_permanencia_zero,mantida,Padronização snake_case e prefixo semântico.
fato_internacao,fato_internacao,fl_sem_valor,fl_sem_valor,mantida,Padronização snake_case e prefixo semântico.
fato_internacao,fato_internacao,fl_obito,fl_obito,mantida,Padronização snake_case e prefixo semântico.
fato_internacao,fato_internacao,fl_obito_internacao_nova,fl_obito_internacao_nova,mantida,Padronização snake_case e prefixo semântico.
fato_internacao,fato_internacao,fl_aih_com_valor,fl_aih_com_valor,mantida,Padronização snake_case e prefixo semântico.
fato_internacao,fato_internacao,fl_uti,fl_uti,mantida,Padronização snake_case e prefixo semântico.
fato_internacao,fato_internacao,_arquivo_fonte,nm_arquivo_origem,renomeada,Padronização snake_case e prefixo semântico.
fato_leitos_mensal,fato_leito_mensal,CNES,cd_cnes,renomeada,Padronização snake_case e prefixo semântico.
fato_leitos_mensal,fato_leito_mensal,_ano,nr_ano_competencia,renomeada,Padronização snake_case e prefixo semântico.
fato_leitos_mensal,fato_leito_mensal,_mes,nr_mes_competencia,renomeada,Padronização snake_case e prefixo semântico.
fato_leitos_mensal,fato_leito_mensal,leitos_sus,qt_leito_sus,renomeada,Padronização snake_case e prefixo semântico.
fato_leitos_mensal,fato_leito_mensal,leitos_totais,qt_leito_total,renomeada,Padronização snake_case e prefixo semântico.
fato_leitos_mensal,fato_leito_mensal,tipos_de_leito,qt_tipo_leito,renomeada,Padronização snake_case e prefixo semântico.
fato_leitos_mensal,fato_leito_mensal,dias_no_mes,qt_dia_mes,renomeada,Padronização snake_case e prefixo semântico.
fato_leitos_mensal,fato_leito_mensal,capacidade_teorica_leito_dia,qt_capacidade_teorica_leito_dia,renomeada,Padronização snake_case e prefixo semântico.
